"","PC1","PC2","PC3","PC4","PC5","PC6","PC7","PC8","PC9","PC10","PC11","PC12","PC13","PC14","PC15","PC16","PC17","PC18"
"GB_GCA_017302015.1",0.0386202441215309,0.551203379413032,-0.324900043884533,-0.093683700172228,-0.956601425125433,-1.20311714369375,0.587237700043243,0.507794606757498,-0.096597298208233,-0.587988714245299,0.505067423929785,-0.565501615984693,0.472370446145927,-0.167752570786838,0.578241605475674,-0.0360207219304606,-0.101095428052901,0.0105079409164164
"GB_GCA_013151965.1",0.720871090631314,0.397942889213872,-0.271112928017657,0.249815677010455,0.710731867255476,2.45586078238602,-0.175456991920667,-0.136841423638439,-0.668093652394294,-0.150057185194848,-0.358313047881736,0.234192664490173,0.0953431571218788,0.433038510745584,-0.044712830754467,0.560449763672035,-0.294930065773274,-0.0740785052670431
"RS_GCF_000243715.2",-0.3345181973345,0.51808967890432,0.553792485810129,0.447679731697473,0.141114669528995,-1.0166151659609,0.227112059644266,-0.105931303040735,0.227554707463153,0.927493765269274,0.398449152666424,0.355055351562868,-0.530736313841608,-0.567837205130559,-0.816296235725352,0.233679498998134,-0.525601301020761,-0.0635622970974061
"RS_GCF_002811475.1",-0.467093602503667,0.508840476893676,0.340807594434103,0.20691970781539,0.411466594979057,-0.905813781456006,0.273271604532211,-0.147584319382197,0.0807362384702618,0.96447230343552,0.507464178617222,-0.130799728064934,-0.0220825636702748,-0.764587161880202,-0.0335959124493139,-0.591335627357405,-0.647283759376901,-0.00618241099143762
"RS_GCF_004769575.1",-0.467093602503667,0.508840476893676,0.340807594434103,0.20691970781539,0.411466594979057,-0.905813781456006,0.273271604532211,-0.147584319382197,0.0807362384702618,0.96447230343552,0.507464178617222,-0.130799728064934,-0.0220825636702748,-0.764587161880202,-0.0335959124493139,-0.591335627357405,-0.647283759376901,-0.00618241099143762
"GB_GCA_024233935.1",-0.0993754149668222,0.402947110554846,1.04153182484808,0.236262529496539,0.0955963416326547,-0.914537796510224,-0.275618520929611,-0.406246842889582,0.453609494965873,0.172029442879404,0.00645632780443478,0.732212719278173,0.495103591158944,-0.592130682225544,0.0626256727915045,0.00547765101427318,-0.250918928771987,-0.0395989924051495
"GB_GCA_016788865.1",-0.276687298328088,0.514893157956329,0.752814460461044,0.638843847774823,-0.12708461803171,-0.86174519146006,0.0924801900351552,-0.296881933719789,0.87403588386512,0.269767071889825,0.0750253485244643,0.273648150565716,0.378073471165223,-0.6444739985299,-0.200112181832375,-0.131607166324658,-0.45119425255235,-0.0373940076232389
"GB_GCA_016719295.1",-0.930450981775518,0.818645432640051,-0.279326605095493,-1.44875868624056,0.670865645209307,2.78126999401672,-0.180025969884276,-0.774387302497354,-0.230747519383044,-0.366535444970535,-0.189163961281758,0.222109546730217,-1.28667392103998,0.292126032040205,0.441810186059281,-0.180337914859629,-0.614813170811923,-0.00865343717852498
"GB_GCA_015661205.1",-0.0619148658565244,-0.970521118920622,-0.162163226840918,0.466407837842176,0.470235388064354,2.64243386373502,-0.095917530777939,-0.437660072127666,-0.904543428771156,0.101001034609694,-0.692988483377213,0.278641853858235,0.190781213574493,-0.074515484225492,-1.01666887404387,-0.462826044575341,1.67389054324448,0.0799694531493545
"RS_GCF_000949635.1",-0.269939460095135,-0.745851296506504,-0.628455840608138,0.0953757815292011,-0.855142228743313,2.37906516950447,0.653140288022733,0.205791818194664,-1.26645355731714,-0.482931090673963,-0.674643541911653,-0.636586329367443,0.454136230477224,-0.0730114883402256,-1.58966097372327,-0.443027899510316,1.51585443513339,0.0676903433037631
"GB_GCA_945865635.1",0.483643725462931,-1.33226903964682,0.0919227204209296,0.126051660750307,0.293179538882439,-0.747204511602838,-0.129967465488243,-0.236046267394245,0.295911180273573,0.304373451884069,0.27481784428471,0.326161823023054,-0.188643674804932,0.238859238662988,-0.433448685407868,-0.914953463069967,1.81573727047115,0.137351053001931
"GB_GCA_001898385.1",-0.595484906123531,-0.766997591687696,-0.165790027417123,0.80500323701219,0.303165860289007,2.81173860617532,0.177782062138467,-0.314440192879206,-0.346266849379398,-0.115082955990467,-0.356424186736138,-0.326476753140813,0.450934734735232,-0.351964423320901,-0.929923908246307,-1.04858819714553,1.35450698871762,0.114361849498999
"RS_GCF_018398935.1",0.816692102420372,0.17427546050887,-0.0928299048717877,0.149676558406257,0.0685458733161109,-1.03040366226458,-0.957628799707622,-0.581997032988882,0.162798842336177,0.550801058593273,0.279987609125,0.0971796759420954,0.00615841358349549,0.30159111619321,0.235061123956747,0.108830494455606,-0.201414002163118,-0.0533619466279108
"GB_GCA_007748055.1",0.218813645831561,-1.05669271540833,-0.587869210765369,-0.111770759031203,-1.35785291529824,-1.05570772822924,-0.213454613107235,0.0308272990858996,-0.184925906755434,-0.173740840979486,0.478663354028606,-0.902475859199802,0.098215591799389,0.338082430620973,-1.11381351768363,-0.879394593698664,1.60002129228781,0.103355413952986
"GB_GCA_021732995.1",-0.0887193973978946,-1.09239358857912,-0.0176057024138692,-1.32448850838262,-1.28517842292219,-0.604866102853316,-0.128440188531017,0.73528816238461,0.197747781492409,-0.243223185602301,0.379464685778024,0.0901301630768068,0.269943383924794,-0.100335427932492,-0.112243797094447,-1.29806793935108,1.78941208317941,0.189999836303865
"GB_GCA_005791255.1",0.483643725462931,-1.33226903964682,0.0919227204209296,0.126051660750307,0.293179538882439,-0.747204511602838,-0.129967465488243,-0.236046267394245,0.295911180273573,0.304373451884069,0.27481784428471,0.326161823023054,-0.188643674804932,0.238859238662988,-0.433448685407868,-0.914953463069967,1.81573727047115,0.137351053001931
"GB_GCA_019636335.1",-0.106731800196836,-1.07783901058952,-0.125203397574354,0.597856696451786,-0.199544826265918,-0.623034291558389,-0.6888128389915,-0.48940471198797,0.73526080118231,0.19410729370401,0.79688270920412,-0.592366282973172,0.095014096057398,0.0591294956402972,-0.45407645220666,-1.48495489133388,1.43867384587204,0.150026920148222
"GB_GCA_016872925.1",0.483643725462931,-1.33226903964682,0.0919227204209296,0.126051660750307,0.293179538882439,-0.747204511602838,-0.129967465488243,-0.236046267394245,0.295911180273573,0.304373451884069,0.27481784428471,0.326161823023054,-0.188643674804932,0.238859238662988,-0.433448685407868,-0.914953463069967,1.81573727047115,0.137351053001931
"RS_GCF_000196115.1",0.785979391543027,0.286999235521506,-0.270405154251971,-0.623936816185002,-1.03415078382719,-1.34656496154529,-0.576669691871716,-0.0479100518363465,-0.619537675109057,-0.130868695700805,0.229763529870531,-0.359483938571125,0.386543550479947,0.355438428382832,-0.075193121098781,0.265713456859563,-0.159174786493841,-0.0678460412554128
"RS_GCF_020966635.1",0.842784876935786,0.236092733697129,-0.0569058368328924,-0.757146452716467,-0.708495946454181,-1.30143043914944,0.255875274547947,0.328668272005838,-0.500610716626036,-0.236686528120907,0.0442629615921952,-0.0460744395739479,0.363039300778357,0.257719232310114,0.0321796114975701,0.249952732553285,-0.101494916421589,-0.0461295120520592
"RS_GCF_007741535.1",0.124736387526692,0.419142528505409,-0.649223546585138,-1.51526021961896,-1.142118937089,-1.24551614046849,-1.13080983774706,0.328191362886776,0.0535023329821122,-0.302559261152403,-0.71305058126038,-0.284980662665051,-0.546894071491014,0.262209515296291,0.173584057057677,0.0488379246005426,-0.184013933229991,-0.0426166782939102
"GB_GCA_903914415.1",0.397646838874535,0.219938055444777,-0.0411052425204299,-0.261915606125771,0.817505293977656,-1.22620788943202,-0.394191266332978,-0.252709772971227,0.408442880738806,-0.174602075696716,-0.735202715110985,0.117906457991782,-0.65180173876787,0.278579363027999,0.309234721762045,-0.0324856586558761,-0.219117106612495,-0.0413615208247566
"GB_GCA_012517265.1",0.842784876935786,0.236092733697129,-0.0569058368328924,-0.757146452716467,-0.708495946454181,-1.30143043914944,0.255875274547947,0.328668272005838,-0.500610716626036,-0.236686528120907,0.0442629615921952,-0.0460744395739479,0.363039300778357,0.257719232310114,0.0321796114975701,0.249952732553285,-0.101494916421589,-0.0461295120520592
"GB_GCA_014859965.1",0.720871090631314,0.397942889213872,-0.271112928017657,0.249815677010455,0.710731867255476,2.45586078238602,-0.175456991920667,-0.136841423638439,-0.668093652394294,-0.150057185194848,-0.358313047881736,0.234192664490173,0.0953431571218788,0.433038510745584,-0.044712830754467,0.560449763672035,-0.294930065773274,-0.0740785052670431
"GB_GCA_903871935.1",0.486526720030044,0.327670213528573,0.228184726977939,-0.821132371824736,-0.652884514565164,-1.1849183017593,0.161476156499588,0.342523242084505,-0.362760526133526,-0.550508147731489,0.31225823751324,-0.192628477860539,0.740222941932817,0.0326136095190607,0.381662431919009,-0.198724602677972,-0.220603147168087,-0.0139421004843257
"GB_GCA_019744815.1",0.842784876935786,0.236092733697129,-0.0569058368328924,-0.757146452716467,-0.708495946454181,-1.30143043914944,0.255875274547947,0.328668272005838,-0.500610716626036,-0.236686528120907,0.0442629615921952,-0.0460744395739479,0.363039300778357,0.257719232310114,0.0321796114975701,0.249952732553285,-0.101494916421589,-0.0461295120520592
"GB_GCA_020847175.1",0.459408531900977,0.218142959463928,0.206738001707207,-0.238683113310829,0.718011430138843,-1.02362697697942,-0.0848510817272078,-0.000613108388977422,-0.226905185090259,0.788888299942038,0.685906120909669,0.345442337649834,-0.548971979970466,0.0554030907287788,0.0757326230815596,0.00967910024086348,-0.337249411305775,-0.0256262953309909
"GB_GCA_011525805.1",0.657392621858048,0.271666929920747,-0.273949574098338,-1.37008732814986,-1.23976868300452,-0.959442868509339,-0.029157438282373,0.752060750553491,0.0457122115455238,0.211208208297382,-0.0688613935810668,0.321111553279617,0.0640575814571713,0.0897828763160655,0.314155924445081,0.158632629099469,-0.0509510886361101,-0.0111840456903572
"GB_GCA_022566535.1",0.619102125199212,0.336919415539217,0.441169618353965,-0.580372347942654,-0.923236440015226,-1.29571968626419,0.115316611611642,0.384176258425966,-0.215942057140634,-0.587486685897736,0.203243211562442,0.293226601767263,0.231569191761484,0.229363566268704,-0.401037891357029,0.626290523677568,-0.0989206888119469,-0.0713219865902942
"GB_GCA_022446965.1",0.483643725462931,-1.33226903964682,0.0919227204209296,0.126051660750307,0.293179538882439,-0.747204511602838,-0.129967465488243,-0.236046267394245,0.295911180273573,0.304373451884069,0.27481784428471,0.326161823023054,-0.188643674804932,0.238859238662988,-0.433448685407868,-0.914953463069967,1.81573727047115,0.137351053001931
"GB_GCA_005787685.1",0.483643725462931,-1.33226903964682,0.0919227204209296,0.126051660750307,0.293179538882439,-0.747204511602838,-0.129967465488243,-0.236046267394245,0.295911180273573,0.304373451884069,0.27481784428471,0.326161823023054,-0.188643674804932,0.238859238662988,-0.433448685407868,-0.914953463069967,1.81573727047115,0.137351053001931
"GB_GCA_023150555.1",0.327938996493676,0.485116879410693,-0.133416534714557,0.35682309896666,0.571256559871036,2.40436923546914,-0.0910338985776543,-0.407032513880118,-0.918728808225531,0.241610808898796,-0.873319286815258,0.363069205774454,0.36207905226133,-0.109502802767988,-0.2407863320829,0.545197188643954,-0.285580859317539,-0.0890270172771339
"GB_GCA_003167555.1",-0.157206313973235,0.406143631502837,0.842509850197165,0.0450984134191889,0.363795629193359,-1.06940777101106,-0.1409866513205,-0.215296212210529,-0.192871681436094,0.829756136258853,0.329880131946394,0.813619920275326,-0.413706193847888,-0.515493888826204,-0.553558381101473,0.370764316337065,-0.325325977240397,-0.0657672818793167
"GB_GCA_903848465.1",0.423760008282735,0.261449450705691,0.044866488431313,0.256683980362462,-0.0709294340683286,-1.08189520918146,-0.873205706364609,-0.852188123230561,-0.0878363134950597,0.942469052686917,-0.235018629808521,0.226056217226377,0.272894308722947,-0.240950197320362,0.0389876226283142,0.0935779194275258,-0.192064795707383,-0.0683104586380016
"GB_GCA_012960505.1",0.426838240070171,-1.28136253782244,-0.121576596998149,0.259261297281772,-0.0324752984905709,-0.792339033998692,-0.962512431907907,-0.61262459123643,0.176984221790552,0.410191284304171,0.460318412563046,0.0127523240258762,-0.165139425103342,0.336578434735706,-0.540821418004219,-0.899192738763689,1.7580574003989,0.115634523798578
"GB_GCA_024638765.1",-0.132971120411281,-1.14426836760791,0.727694568910887,0.409833187480325,-0.0610362620630446,-0.792985305634479,-0.186103035081536,-0.450729371215796,0.329944683927738,0.345241288200884,-0.0812081446785651,0.794339405648546,-0.0533778886823537,-0.332037740891995,-1.0627396895909,-0.553868246973766,1.82766070453653,0.0972100664536053
"RS_GCF_018137965.1",0.696185704451867,0.235315006085975,-0.168047951839745,0.419048240153075,0.171519751024757,-0.932476534818558,0.243014877676807,-0.0960537999769037,0.702152189718445,0.542720855183591,0.163056061566694,-0.0479753937731843,-0.134375956111815,0.151528603816136,0.0796960019292188,-0.0440150471896033,-0.34400945587123,-0.0294404326426467
"RS_GCF_902143385.2",0.0795708585776544,0.423315678124885,0.467723896650213,0.702829766883093,-0.182696049920727,-0.9782573288502,0.186879308083515,-0.310736903798455,0.73618569337261,0.583588691500406,-0.192969927396581,0.420202188852308,0.000889830010763274,-0.419368375738846,-0.549595002253814,0.317070168906598,-0.332086021805853,-0.0695814191909724
"GB_GCA_012959985.1",-0.0866002520359715,-1.13314900204852,-0.0590982506630056,0.635640400984796,-0.0689767281663649,-0.745903453469562,0.322554338819535,-0.39687244846613,0.465702413341583,0.793779074988133,-0.171619373928783,-0.00352620440512237,-0.038937899659201,-0.35602539115494,-0.89226004136018,-1.06729085543698,1.62481115314652,0.124607525773751
"RS_GCF_011044775.1",0.31012864260443,0.38356833228179,-0.432179809319692,-0.902319344185564,-0.610846200538656,-1.58750371110859,-0.845777124916736,-0.0952011156608765,-0.492820595189448,-0.750453997570692,-0.599926226087118,-0.652166655518616,-0.247912352169829,0.43014587129034,-0.108392255889834,0.140158028054359,-0.23455776101547,-0.0775621446556122
"GB_GCA_016219875.1",-0.0809723479113238,0.556194996341872,-0.771765262763085,-0.308080309064521,-0.588908273725915,-1.56056803064718,0.412529385046583,0.446648572854302,-0.107730408781135,-0.893752396504604,-0.592617607948909,-0.711630294645592,-0.539269097658308,0.132060494911722,0.195559650263182,0.287101184495592,-0.0573701718280319,-0.0313955740515165
"GB_GCA_016195385.1",-0.396279890360942,0.519884774885169,0.305949241582492,0.424447238882531,0.240608533367808,-1.2191960784135,-0.0822281249615048,-0.358027967622985,0.862902773292219,-0.0359966103694805,-1.02265968335423,0.127519471904817,-0.633566072639012,-0.344660932831339,-0.582794137044866,0.191514740101394,-0.407468996327482,-0.0792975225911718
"GB_GCA_014879845.1",-0.219452762178389,0.581008755924602,-0.226366138366239,-1.06911443309833,-1.2538855529414,-1.14187826013723,-0.070724823298932,0.869642582318883,0.877524339849782,-0.661439622338913,-0.671001878848439,-0.0908346910391196,-0.818898550203197,0.0837913368778067,-0.414998567824451,0.272330174079615,-0.324035159328461,-0.043887638846881
"GB_GCA_023399155.1",-0.609306624528589,-0.874629242406713,-0.2551128304926,-0.959529694222813,-1.35490672474808,-0.903813631871343,-0.0756084554992166,0.839015024071335,0.891709719304157,-0.802049396628015,-0.490671075410394,-0.175262042955339,-0.990196388890035,0.118778655420303,-1.19088110978542,-0.73569305913968,1.63543624323356,0.125108831579607
"GB_GCA_024707325.1",-0.423914369450851,-0.910203438630332,-0.0380690932271543,-0.346588818789418,-0.823633988197737,-1.24580120251144,0.209424257331104,0.415622545523682,0.345386791132597,-1.2499441330463,-0.377546720237132,-0.542448035808904,-0.69121466956885,0.286715011414351,-1.47285742273293,-0.644372955685864,1.58489241544808,0.0901633652179053
"GB_GCA_018668635.1",0.426838240070171,-1.28136253782244,-0.121576596998149,0.259261297281772,-0.0324752984905709,-0.792339033998692,-0.962512431907907,-0.61262459123643,0.176984221790552,0.410191284304171,0.460318412563046,0.0127523240258762,-0.165139425103342,0.336578434735706,-0.540821418004219,-0.899192738763689,1.7580574003989,0.115634523798578
"RS_GCF_902728235.1",0.272540899436884,0.435212771295432,-0.207926807916828,-0.247557712481978,-1.07065221350299,-1.30012938101616,0.708397078855726,0.167842090933953,-0.330819483558026,0.252719094983157,-0.402174256621297,-0.375762467002124,0.512745075924087,-0.337165397507814,-0.426631744454742,0.097615340186273,-0.292421033746217,-0.0588730392802394
"GB_GCA_019455225.1",0.36693412799719,0.332661830457413,-0.218680491900613,-1.03552898071703,-0.285191363165646,-1.54236918871274,-0.0132321584970723,0.281377208181308,-0.373893636706427,-0.856271829990794,-0.785426794365454,-0.338757156521439,-0.271416601871419,0.332426675217621,-0.00101952329348289,0.124397303748081,-0.176877890943218,-0.0558456154522586
"GB_GCA_016182605.1",-0.71534514500364,-0.656103765353543,-0.998396881880185,0.543131929528279,-0.49532235714581,3.08909175435184,-0.96655587787564,0.0584715075711407,0.177501115166424,-0.0882565767699495,0.355198430998973,-0.315885369980404,-0.242101005816983,-0.0276631337302019,-0.0999297983861698,-0.809106303178545,1.65780478287066,0.164784355286269
"GB_GCA_020444425.1",-0.0832935421829417,0.713053534929775,-0.539107135069298,0.913278429554694,0.462626388584224,2.55417407784171,0.155905433574629,0.0422849111132202,-0.264080233976491,-0.50135937131924,0.102491414455853,-0.285234511920572,0.20467430248945,0.00756670764863215,0.501349163223637,0.274476309188289,-0.294530577404586,-0.0174410522985675
"GB_GCA_015493745.1",-0.234868377264321,0.61986856604837,-0.116997512312357,-0.68226115271683,0.558881282043873,2.87600265330556,-0.514656071238596,0.5052116257456,-0.492551519639681,0.327921005381727,0.387976952929052,0.389677781767708,-0.358081064897217,-0.10847229743123,0.320045069142944,-0.0629383449215033,-0.557009747949202,-0.000926505244041334
"GB_GCA_024277115.1",-0.624722239614522,-0.835769432282945,-0.145744204438718,-0.572676413841315,0.457860110237191,3.11406728157145,-0.519539703438881,0.474584067498052,-0.478366140185305,0.187311231092626,0.568307756367097,0.305250429851489,-0.529378903584055,-0.0734849788887346,-0.455837472818023,-1.0709615781408,1.40246165461282,0.168069965182447
"GB_GCA_001657315.1",0.243303565945893,0.366440930700183,-0.187880984938423,-1.62523736333548,-0.915957963554802,-0.997800705620038,0.0110753132783777,0.956866351311211,-0.462918774363933,0.55511328206625,0.522557686481938,0.255964715990178,-0.4675685623952,-0.0586859530756475,0.0474546909735423,0.0752419591910039,-0.244466367851019,-0.00516492359679091
"RS_GCF_021389975.1",0.696185704451867,0.235315006085975,-0.168047951839745,0.419048240153075,0.171519751024757,-0.932476534818558,0.243014877676807,-0.0960537999769037,0.702152189718445,0.542720855183591,0.163056061566694,-0.0479753937731843,-0.134375956111815,0.151528603816136,0.0796960019292188,-0.0440150471896033,-0.34400945587123,-0.0294404326426467
"RS_GCF_004362805.1",0.459408531900977,0.218142959463928,0.206738001707207,-0.238683113310829,0.718011430138843,-1.02362697697942,-0.0848510817272078,-0.000613108388977422,-0.226905185090259,0.788888299942038,0.685906120909669,0.345442337649834,-0.548971979970466,0.0554030907287788,0.0757326230815596,0.00967910024086348,-0.337249411305775,-0.0256262953309909
"RS_GCF_014841125.1",0.696185704451867,0.235315006085975,-0.168047951839745,0.419048240153075,0.171519751024757,-0.932476534818558,0.243014877676807,-0.0960537999769037,0.702152189718445,0.542720855183591,0.163056061566694,-0.0479753937731843,-0.134375956111815,0.151528603816136,0.0796960019292188,-0.0440150471896033,-0.34400945587123,-0.0294404326426467
"RS_GCF_020447315.1",0.696185704451867,0.235315006085975,-0.168047951839745,0.419048240153075,0.171519751024757,-0.932476534818558,0.243014877676807,-0.0960537999769037,0.702152189718445,0.542720855183591,0.163056061566694,-0.0479753937731843,-0.134375956111815,0.151528603816136,0.0796960019292188,-0.0440150471896033,-0.34400945587123,-0.0294404326426467
"RS_GCF_002797555.1",0.696185704451867,0.235315006085975,-0.168047951839745,0.419048240153075,0.171519751024757,-0.932476534818558,0.243014877676807,-0.0960537999769037,0.702152189718445,0.542720855183591,0.163056061566694,-0.0479753937731843,-0.134375956111815,0.151528603816136,0.0796960019292188,-0.0440150471896033,-0.34400945587123,-0.0294404326426467
"RS_GCF_003721515.1",0.103150374995235,0.309720439295372,0.491828565518038,-0.302669032419098,0.773622862027861,-0.907114839589282,-0.179250199775567,0.0132418616896887,-0.0890549945977487,0.475066680331456,0.953901396830714,0.198888299363242,-0.171788338816006,-0.169702532062275,0.425215443502998,-0.438998234990393,-0.456357642052273,0.00656111623674255
"RS_GCF_015694705.1",0.293556679170815,0.315773120358025,0.903835431544979,0.129255107540334,0.235071649017094,-0.863046249593336,-0.360041614272623,-0.136055752647904,0.70424465079711,-0.21963855121424,0.521462566737957,0.603336177993892,0.228367696019492,-0.0495893687119717,0.258699174119937,0.0207302260423537,-0.260268135227722,-0.0246504803950587
"RS_GCF_020907275.1",0.639380219059107,0.286221507910353,-0.381547269258823,0.55225787668454,-0.154135086348253,-0.977611057214412,-0.589530088742856,-0.472632123819089,0.583225231235425,0.648538687603693,0.34855662984503,-0.361384892770362,-0.110871706410225,0.249247799888855,-0.0276767306671324,-0.0282543228833251,-0.401689325943482,-0.0511569618460002
"RS_GCF_009668025.1",0.696185704451867,0.235315006085975,-0.168047951839745,0.419048240153075,0.171519751024757,-0.932476534818558,0.243014877676807,-0.0960537999769037,0.702152189718445,0.542720855183591,0.163056061566694,-0.0479753937731843,-0.134375956111815,0.151528603816136,0.0796960019292188,-0.0440150471896033,-0.34400945587123,-0.0294404326426467
"RS_GCF_000428845.1",0.696185704451867,0.235315006085975,-0.168047951839745,0.419048240153075,0.171519751024757,-0.932476534818558,0.243014877676807,-0.0960537999769037,0.702152189718445,0.542720855183591,0.163056061566694,-0.0479753937731843,-0.134375956111815,0.151528603816136,0.0796960019292188,-0.0440150471896033,-0.34400945587123,-0.0294404326426467
"RS_GCF_003339505.1",0.282096648539712,0.330089006865411,-0.0819793626798289,0.163898204967455,0.495330470474479,-0.970834371929257,0.283247629237558,0.108751800780816,0.193521203808988,0.886625928952458,0.754475141629699,-0.113122231062624,-0.666002099964186,0.00305977442442313,-0.18700523154232,-0.127405717098068,-0.537524735086138,-0.0234213105490803
"GB_GCA_913774715.1",0.696185704451867,0.235315006085975,-0.168047951839745,0.419048240153075,0.171519751024757,-0.932476534818558,0.243014877676807,-0.0960537999769037,0.702152189718445,0.542720855183591,0.163056061566694,-0.0479753937731843,-0.134375956111815,0.151528603816136,0.0796960019292188,-0.0440150471896033,-0.34400945587123,-0.0294404326426467
"RS_GCF_003258705.1",0.282096648539712,0.330089006865411,-0.0819793626798289,0.163898204967455,0.495330470474479,-0.970834371929257,0.283247629237558,0.108751800780816,0.193521203808988,0.886625928952458,0.754475141629699,-0.113122231062624,-0.666002099964186,0.00305977442442313,-0.18700523154232,-0.127405717098068,-0.537524735086138,-0.0234213105490803
"GB_GCA_020149935.1",0.696185704451867,0.235315006085975,-0.168047951839745,0.419048240153075,0.171519751024757,-0.932476534818558,0.243014877676807,-0.0960537999769037,0.702152189718445,0.542720855183591,0.163056061566694,-0.0479753937731843,-0.134375956111815,0.151528603816136,0.0796960019292188,-0.0440150471896033,-0.34400945587123,-0.0294404326426467
"RS_GCF_003003035.1",0.842784876935786,0.236092733697129,-0.0569058368328924,-0.757146452716467,-0.708495946454181,-1.30143043914944,0.255875274547947,0.328668272005838,-0.500610716626036,-0.236686528120907,0.0442629615921952,-0.0460744395739479,0.363039300778357,0.257719232310114,0.0321796114975701,0.249952732553285,-0.101494916421589,-0.0461295120520592
"RS_GCF_900112795.1",0.51723943090739,0.214946438515937,0.405759976358122,-0.047518997233478,0.449812142578138,-0.868757002478582,-0.219482951336318,-0.191563739068031,0.419575991311708,0.131161606562589,0.36248231676771,0.264035136652681,0.359837805036366,-0.0212337026705615,0.691916676974537,-0.355607565081929,-0.262842362837364,0.000541994143176213
"RS_GCF_007097485.1",0.842784876935786,0.236092733697129,-0.0569058368328924,-0.757146452716467,-0.708495946454181,-1.30143043914944,0.255875274547947,0.328668272005838,-0.500610716626036,-0.236686528120907,0.0442629615921952,-0.0460744395739479,0.363039300778357,0.257719232310114,0.0321796114975701,0.249952732553285,-0.101494916421589,-0.0461295120520592
"RS_GCF_003046625.1",0.842784876935786,0.236092733697129,-0.0569058368328924,-0.757146452716467,-0.708495946454181,-1.30143043914944,0.255875274547947,0.328668272005838,-0.500610716626036,-0.236686528120907,0.0442629615921952,-0.0460744395739479,0.363039300778357,0.257719232310114,0.0321796114975701,0.249952732553285,-0.101494916421589,-0.0461295120520592
"GB_GCA_903851365.1",0.51723943090739,0.214946438515937,0.405759976358122,-0.047518997233478,0.449812142578138,-0.868757002478582,-0.219482951336318,-0.191563739068031,0.419575991311708,0.131161606562589,0.36248231676771,0.264035136652681,0.359837805036366,-0.0212337026705615,0.691916676974537,-0.355607565081929,-0.262842362837364,0.000541994143176213
"GB_GCA_015712185.1",0.51723943090739,0.214946438515937,0.405759976358122,-0.047518997233478,0.449812142578138,-0.868757002478582,-0.219482951336318,-0.191563739068031,0.419575991311708,0.131161606562589,0.36248231676771,0.264035136652681,0.359837805036366,-0.0212337026705615,0.691916676974537,-0.355607565081929,-0.262842362837364,0.000541994143176213
"GB_GCA_903844815.1",0.51723943090739,0.214946438515937,0.405759976358122,-0.047518997233478,0.449812142578138,-0.868757002478582,-0.219482951336318,-0.191563739068031,0.419575991311708,0.131161606562589,0.36248231676771,0.264035136652681,0.359837805036366,-0.0212337026705615,0.691916676974537,-0.355607565081929,-0.262842362837364,0.000541994143176213
"RS_GCF_900142525.1",0.842784876935786,0.236092733697129,-0.0569058368328924,-0.757146452716467,-0.708495946454181,-1.30143043914944,0.255875274547947,0.328668272005838,-0.500610716626036,-0.236686528120907,0.0442629615921952,-0.0460744395739479,0.363039300778357,0.257719232310114,0.0321796114975701,0.249952732553285,-0.101494916421589,-0.0461295120520592
"GB_GCA_017619375.1",0.842784876935786,0.236092733697129,-0.0569058368328924,-0.757146452716467,-0.708495946454181,-1.30143043914944,0.255875274547947,0.328668272005838,-0.500610716626036,-0.236686528120907,0.0442629615921952,-0.0460744395739479,0.363039300778357,0.257719232310114,0.0321796114975701,0.249952732553285,-0.101494916421589,-0.0461295120520592
"GB_GCA_017561825.1",0.842784876935786,0.236092733697129,-0.0569058368328924,-0.757146452716467,-0.708495946454181,-1.30143043914944,0.255875274547947,0.328668272005838,-0.500610716626036,-0.236686528120907,0.0442629615921952,-0.0460744395739479,0.363039300778357,0.257719232310114,0.0321796114975701,0.249952732553285,-0.101494916421589,-0.0461295120520592
"GB_GCA_916440255.1",0.0724376641178901,0.422444214308008,0.314253316137854,-1.07628240701036,-0.329073795115442,-1.22327613887,0.201708908060339,0.547328842842224,-0.871391512042983,-0.206603073962622,0.903677317576245,-0.257775315149979,0.208596798080445,-0.115855219872652,0.11496119844747,-0.282115272586436,-0.414118426382995,-0.00792297839075939
"RS_GCF_000144405.1",0.842784876935786,0.236092733697129,-0.0569058368328924,-0.757146452716467,-0.708495946454181,-1.30143043914944,0.255875274547947,0.328668272005838,-0.500610716626036,-0.236686528120907,0.0442629615921952,-0.0460744395739479,0.363039300778357,0.257719232310114,0.0321796114975701,0.249952732553285,-0.101494916421589,-0.0461295120520592
"RS_GCF_018127785.1",0.842784876935786,0.236092733697129,-0.0569058368328924,-0.757146452716467,-0.708495946454181,-1.30143043914944,0.255875274547947,0.328668272005838,-0.500610716626036,-0.236686528120907,0.0442629615921952,-0.0460744395739479,0.363039300778357,0.257719232310114,0.0321796114975701,0.249952732553285,-0.101494916421589,-0.0461295120520592
"GB_GCA_004558865.1",0.842784876935786,0.236092733697129,-0.0569058368328924,-0.757146452716467,-0.708495946454181,-1.30143043914944,0.255875274547947,0.328668272005838,-0.500610716626036,-0.236686528120907,0.0442629615921952,-0.0460744395739479,0.363039300778357,0.257719232310114,0.0321796114975701,0.249952732553285,-0.101494916421589,-0.0461295120520592
"GB_GCA_900543585.1",0.394878401027273,0.459625899581588,-0.609990607695364,-0.0296977810639583,-1.01221285701445,-1.31962928108389,0.681636818091603,0.493939636678832,-0.234447488700743,-0.274167094634717,0.23707214800874,-0.418947577698102,0.0951868049914674,0.0573530520042151,0.228758785054235,0.412656613300796,0.018012802693597,-0.0216794706513171
"RS_GCF_900128905.1",0.842784876935786,0.236092733697129,-0.0569058368328924,-0.757146452716467,-0.708495946454181,-1.30143043914944,0.255875274547947,0.328668272005838,-0.500610716626036,-0.236686528120907,0.0442629615921952,-0.0460744395739479,0.363039300778357,0.257719232310114,0.0321796114975701,0.249952732553285,-0.101494916421589,-0.0461295120520592
"GB_GCA_025147485.1",0.842784876935786,0.236092733697129,-0.0569058368328924,-0.757146452716467,-0.708495946454181,-1.30143043914944,0.255875274547947,0.328668272005838,-0.500610716626036,-0.236686528120907,0.0442629615921952,-0.0460744395739479,0.363039300778357,0.257719232310114,0.0321796114975701,0.249952732553285,-0.101494916421589,-0.0461295120520592
"GB_GCA_902362375.1",0.842784876935786,0.236092733697129,-0.0569058368328924,-0.757146452716467,-0.708495946454181,-1.30143043914944,0.255875274547947,0.328668272005838,-0.500610716626036,-0.236686528120907,0.0442629615921952,-0.0460744395739479,0.363039300778357,0.257719232310114,0.0321796114975701,0.249952732553285,-0.101494916421589,-0.0461295120520592
"GB_GCA_927407015.1",0.0413886819687934,0.311515535276221,0.243985321290401,-0.32590152523404,0.873116725866673,-1.10969575204188,-0.488590384381338,-0.238854802892561,0.546293071231317,-0.488423695307298,-0.467207439189939,-0.0286475802948092,-0.27461809761341,0.0534737402369457,0.658717542183484,-0.481162993887133,-0.338225337358993,-0.00917410925702314
"GB_GCA_012839475.1",0.842784876935786,0.236092733697129,-0.0569058368328924,-0.757146452716467,-0.708495946454181,-1.30143043914944,0.255875274547947,0.328668272005838,-0.500610716626036,-0.236686528120907,0.0442629615921952,-0.0460744395739479,0.363039300778357,0.257719232310114,0.0321796114975701,0.249952732553285,-0.101494916421589,-0.0461295120520592
"GB_GCA_017882335.1",0.246644838360141,0.326533556998914,0.141392569882686,0.277348356140747,0.368776191682234,-0.939748449463194,-0.161820118757429,-0.135657283564831,0.265312830337753,-0.00405658896164118,0.486722482464225,0.349726567240985,0.209015429243197,-0.169256566672105,1.15123370515508,-0.0558188669954861,0.0569406800581852,0.0227870507620078
"GB_GCA_002412885.1",0.619102125199212,0.336919415539217,0.441169618353965,-0.580372347942654,-0.923236440015226,-1.29571968626419,0.115316611611642,0.384176258425966,-0.215942057140634,-0.587486685897736,0.203243211562442,0.293226601767263,0.231569191761484,0.229363566268704,-0.401037891357029,0.626290523677568,-0.0989206888119469,-0.0713219865902942
"GB_GCA_022837485.1",0.26284396829347,0.428496895370661,0.726260182164795,-0.644358267050924,-0.867625008126208,-1.17920754887405,0.0209174935632827,0.398031228504632,-0.0780918666481238,-0.901308305508317,0.471238487483487,0.146672563480671,0.608752832915944,0.00425794347765041,-0.0515550709355907,0.177613188446311,-0.218028919558445,-0.0391345750225607
"GB_GCA_020052415.1",0.459408531900977,0.218142959463928,0.206738001707207,-0.238683113310829,0.718011430138843,-1.02362697697942,-0.0848510817272078,-0.000613108388977422,-0.226905185090259,0.788888299942038,0.685906120909669,0.345442337649834,-0.548971979970466,0.0554030907287788,0.0757326230815596,0.00967910024086348,-0.337249411305775,-0.0256262953309909
"GB_GCA_023415495.1",0.842784876935786,0.236092733697129,-0.0569058368328924,-0.757146452716467,-0.708495946454181,-1.30143043914944,0.255875274547947,0.328668272005838,-0.500610716626036,-0.236686528120907,0.0442629615921952,-0.0460744395739479,0.363039300778357,0.257719232310114,0.0321796114975701,0.249952732553285,-0.101494916421589,-0.0461295120520592
"GB_GCA_019429185.1",-0.167444217552013,0.421307557778349,0.227461159042602,0.0221983209551265,0.692586911131956,-0.978106286573894,-0.121587367196678,0.0691483171928885,-0.243318155571703,0.339848484807226,1.07814156252723,0.284579729951546,-0.322610714609175,-0.317725396063818,0.884532471683543,-0.139209536903951,-0.136574599156723,0.0288061728555741
"GB_GCA_024398055.1",0.243303565945893,0.366440930700183,-0.187880984938423,-1.62523736333548,-0.915957963554802,-0.997800705620038,0.0110753132783777,0.956866351311211,-0.462918774363933,0.55511328206625,0.522557686481938,0.255964715990178,-0.4675685623952,-0.0586859530756475,0.0474546909735423,0.0752419591910039,-0.244466367851019,-0.00516492359679091
"GB_GCA_024280155.1",-0.507502186580071,0.3817993311789,0.161311285958681,-0.90170824013616,1.4490843126157,-0.983429168676482,-0.191644244171622,0.0600167850457877,0.424319898089844,0.775588845611232,1.13617072537665,-0.196736249118315,0.697155627649875,0.107916964105168,0.163478248026242,0.462229435708012,-0.0330619938875213,-0.0256312888151211
"GB_GCA_902825795.1",0.459408531900977,0.218142959463928,0.206738001707207,-0.238683113310829,0.718011430138843,-1.02362697697942,-0.0848510817272078,-0.000613108388977422,-0.226905185090259,0.788888299942038,0.685906120909669,0.345442337649834,-0.548971979970466,0.0554030907287788,0.0757326230815596,0.00967910024086348,-0.337249411305775,-0.0256262953309909
"RS_GCF_900538215.1",0.428695821023632,0.330866734476564,0.0291627523270234,-1.01229648790209,-0.384685227004459,-1.33978827626014,0.296108026108698,0.533473872763558,-1.00924170253549,0.10721854564796,0.6356820416552,-0.111221276863387,-0.168586843074015,0.109250402918401,-0.234521621973968,0.16656206264482,-0.295010195636497,-0.0401103899584929
"RS_GCF_015679325.1",0.235725780164403,0.318969641306016,0.704813456894064,-0.0619090085370163,0.503270936577799,-1.01791622409417,-0.225409744663513,0.0548948780311501,0.0577634743951427,0.43808814216521,0.844886370879916,0.684743378991045,-0.680442088987339,0.0270474246873686,-0.35748487977304,0.386016891365146,-0.334675183696133,-0.0508187698692259
"RS_GCF_000812875.1",0.235725780164403,0.318969641306016,0.704813456894064,-0.0619090085370163,0.503270936577799,-1.01791622409417,-0.225409744663513,0.0548948780311501,0.0577634743951427,0.43808814216521,0.844886370879916,0.684743378991045,-0.680442088987339,0.0270474246873686,-0.35748487977304,0.386016891365146,-0.334675183696133,-0.0508187698692259
"RS_GCF_022811685.1",0.235725780164403,0.318969641306016,0.704813456894064,-0.0619090085370163,0.503270936577799,-1.01791622409417,-0.225409744663513,0.0548948780311501,0.0577634743951427,0.43808814216521,0.844886370879916,0.684743378991045,-0.680442088987339,0.0270474246873686,-0.35748487977304,0.386016891365146,-0.334675183696133,-0.0508187698692259
"RS_GCF_014779605.1",0.11624479580955,0.427719167759508,0.615118067157943,0.531836425818618,0.01239068935273,-0.810253644543172,0.00805709669214261,-0.0266908434781099,1.12467103969636,-0.121900922203819,0.590031587457986,0.144771609281435,0.111337576025772,-0.101932685016327,-0.00403868050394209,-0.116354591296578,-0.460543459008086,-0.0224454956131481
"RS_GCF_900101995.1",0.103150374995235,0.309720439295372,0.491828565518038,-0.302669032419098,0.773622862027861,-0.907114839589282,-0.179250199775567,0.0132418616896887,-0.0890549945977487,0.475066680331456,0.953901396830714,0.198888299363242,-0.171788338816006,-0.169702532062275,0.425215443502998,-0.438998234990393,-0.456357642052273,0.00656111623674255
"RS_GCF_002954665.1",0.108164424093077,0.351347316581644,0.686791694279533,-0.483685767893061,-0.296201087533249,-0.521058678953237,-0.645074327102944,0.287336725899749,1.25056757896867,0.22825618520405,0.408338211564695,0.970522170847458,-0.0706140233016927,-0.21752572470602,0.540675487067448,-0.0705898774114628,-0.209724307442243,0.0102949859666432
"GB_GCA_016744415.1",-0.120532376741339,0.41054712113746,0.989904020704895,-0.125894927645286,0.558882368466817,-0.901404086704035,-0.319808862711873,0.0687498481098163,0.195613664887653,0.124266522554628,1.11288164680096,0.538189340704453,-0.303258447832879,-0.198058198103685,-0.00800205935160127,-0.062660443866111,-0.453783414442631,-0.0186313583014924
"RS_GCF_001549985.1",-0.120532376741339,0.41054712113746,0.989904020704895,-0.125894927645286,0.558882368466817,-0.901404086704035,-0.319808862711873,0.0687498481098163,0.195613664887653,0.124266522554628,1.11288164680096,0.538189340704453,-0.303258447832879,-0.198058198103685,-0.00800205935160127,-0.062660443866111,-0.453783414442631,-0.0186313583014924
"RS_GCF_001485415.1",-0.120532376741339,0.41054712113746,0.989904020704895,-0.125894927645286,0.558882368466817,-0.901404086704035,-0.319808862711873,0.0687498481098163,0.195613664887653,0.124266522554628,1.11288164680096,0.538189340704453,-0.303258447832879,-0.198058198103685,-0.00800205935160127,-0.062660443866111,-0.453783414442631,-0.0186313583014924
"RS_GCF_000686885.1",-0.120532376741339,0.41054712113746,0.989904020704895,-0.125894927645286,0.558882368466817,-0.901404086704035,-0.319808862711873,0.0687498481098163,0.195613664887653,0.124266522554628,1.11288164680096,0.538189340704453,-0.303258447832879,-0.198058198103685,-0.00800205935160127,-0.062660443866111,-0.453783414442631,-0.0186313583014924
"RS_GCF_021245985.1",0.472502952715292,0.336141687928064,0.330027503347112,0.595822344926888,-0.0432207425362876,-0.926765781933311,0.102456214740502,-0.0405458135567761,0.986820849203847,0.191920697406763,0.322036311536941,0.291325647568026,-0.265846065128688,0.123172937774726,-0.353521500925381,0.332322743934679,-0.341435228261588,-0.0546329071808817
"RS_GCF_015182285.1",0.309214836668779,0.439616260930055,-0.0605326374090974,-0.418551053546453,-0.875565474229528,-1.13212569670913,0.529574867464354,0.451888151254298,0.0576658627657216,-0.452770518721068,0.38082725823327,-0.651193046572996,0.623192821939096,-0.0197297067852951,0.118924577295129,-0.335809420016903,-0.42087847094845,-0.0117371157024151
"RS_GCF_004151235.1",0.11624479580955,0.427719167759508,0.615118067157943,0.531836425818618,0.01239068935273,-0.810253644543172,0.00805709669214261,-0.0266908434781099,1.12467103969636,-0.121900922203819,0.590031587457986,0.144771609281435,0.111337576025772,-0.101932685016327,-0.00403868050394209,-0.116354591296578,-0.460543459008086,-0.0224454956131481
"RS_GCF_004352915.1",0.696185704451867,0.235315006085975,-0.168047951839745,0.419048240153075,0.171519751024757,-0.932476534818558,0.243014877676807,-0.0960537999769037,0.702152189718445,0.542720855183591,0.163056061566694,-0.0479753937731843,-0.134375956111815,0.151528603816136,0.0796960019292188,-0.0440150471896033,-0.34400945587123,-0.0294404326426467
"RS_GCF_020026925.1",0.339927547546125,0.32689248591742,0.117042611971086,0.355062321044806,0.227131182913774,-0.815964397428419,0.148615759628448,-0.0821988298982374,0.840002380210955,0.228899235573009,0.431051337487739,-0.194529432059776,0.242807685042645,-0.0735770189749172,0.429178822350657,-0.49269238242086,-0.463117686617728,0.0027469789250868
"GB_GCA_903838055.1",0.51723943090739,0.214946438515937,0.405759976358122,-0.047518997233478,0.449812142578138,-0.868757002478582,-0.219482951336318,-0.191563739068031,0.419575991311708,0.131161606562589,0.36248231676771,0.264035136652681,0.359837805036366,-0.0212337026705615,0.691916676974537,-0.355607565081929,-0.262842362837364,0.000541994143176213
"RS_GCF_022760175.1",-0.305924631819078,0.446121317361079,0.772860283439449,-0.738835803078681,0.0276096319164738,-0.559416516063937,-0.604841575542193,0.492142326657469,0.741936593059213,0.572161258972917,0.9997572916277,0.905375333558018,-0.602240167154064,-0.365994554097733,0.273974253595909,-0.153980547319927,-0.403239586657152,0.0163141080602095
"RS_GCF_001447995.1",0.696185704451867,0.235315006085975,-0.168047951839745,0.419048240153075,0.171519751024757,-0.932476534818558,0.243014877676807,-0.0960537999769037,0.702152189718445,0.542720855183591,0.163056061566694,-0.0479753937731843,-0.134375956111815,0.151528603816136,0.0796960019292188,-0.0440150471896033,-0.34400945587123,-0.0294404326426467
"RS_GCF_900155985.1",0.459408531900977,0.218142959463928,0.206738001707207,-0.238683113310829,0.718011430138843,-1.02362697697942,-0.0848510817272078,-0.000613108388977422,-0.226905185090259,0.788888299942038,0.685906120909669,0.345442337649834,-0.548971979970466,0.0554030907287788,0.0757326230815596,0.00967910024086348,-0.337249411305775,-0.0256262953309909
"RS_GCF_018603515.1",0.0659916825846283,0.478386978101665,-0.476598349325459,-1.2226560450572,-1.13863892321917,-0.945008100569875,0.379174024243144,1.06623126048101,-0.0424923854646855,0.65285091107667,0.591126707201968,-0.202599852722279,-0.58459868238892,-0.111029269380003,-0.215283163650337,-0.0618428581479276,-0.444741691631382,-0.00295993881488035
"RS_GCF_014855495.1",0.282096648539712,0.330089006865411,-0.0819793626798289,0.163898204967455,0.495330470474479,-0.970834371929257,0.283247629237558,0.108751800780816,0.193521203808988,0.886625928952458,0.754475141629699,-0.113122231062624,-0.666002099964186,0.00305977442442313,-0.18700523154232,-0.127405717098068,-0.537524735086138,-0.0234213105490803
"RS_GCF_023718535.1",-0.120532376741339,0.41054712113746,0.989904020704895,-0.125894927645286,0.558882368466817,-0.901404086704035,-0.319808862711873,0.0687498481098163,0.195613664887653,0.124266522554628,1.11288164680096,0.538189340704453,-0.303258447832879,-0.198058198103685,-0.00800205935160127,-0.062660443866111,-0.453783414442631,-0.0186313583014924
"RS_GCF_002150785.1",0.0503335250866641,0.354543837529635,0.487769719628618,-0.674849883970411,-0.0280017999725438,-0.675928653454076,-0.510442457493833,0.478287356578803,0.604086402566703,0.885982878583499,0.731762015706654,1.05192937184461,-0.979423808308524,-0.14088893130668,-0.0755085668255292,0.294696787911329,-0.284131355910654,-0.0158733035075239
"RS_GCF_900102165.1",0.154535292468386,0.362466682141038,-0.10000112529436,-0.25787855438859,-0.304141553636569,-0.47397682678832,-0.136416953201873,0.341193648649415,1.38632530838252,0.676793971991299,0.317926982314477,0.17265656079379,-0.05617403427854,-0.241513374968966,0.711155135298168,-0.584012485874677,-0.412573858832249,0.0376924452867888
"RS_GCF_021390175.1",0.459408531900977,0.218142959463928,0.206738001707207,-0.238683113310829,0.718011430138843,-1.02362697697942,-0.0848510817272078,-0.000613108388977422,-0.226905185090259,0.788888299942038,0.685906120909669,0.345442337649834,-0.548971979970466,0.0554030907287788,0.0757326230815596,0.00967910024086348,-0.337249411305775,-0.0256262953309909
"GB_GCA_905479745.1",0.459408531900977,0.218142959463928,0.206738001707207,-0.238683113310829,0.718011430138843,-1.02362697697942,-0.0848510817272078,-0.000613108388977422,-0.226905185090259,0.788888299942038,0.685906120909669,0.345442337649834,-0.548971979970466,0.0554030907287788,0.0757326230815596,0.00967910024086348,-0.337249411305775,-0.0256262953309909
"GB_GCA_019913785.1",-0.568438852649853,0.63408028702192,0.436819249842423,0.601553744007222,0.255165457906548,-0.919602928638484,0.105952680831783,0.23402121278281,0.461776892812946,0.086785956040818,1.30569083321751,0.165316202580299,-0.571110943619768,-0.398424378409584,0.188577114205064,0.1000434368814,-0.334275695327445,0.00581868309924971
"RS_GCF_017897595.1",0.696185704451867,0.235315006085975,-0.168047951839745,0.419048240153075,0.171519751024757,-0.932476534818558,0.243014877676807,-0.0960537999769037,0.702152189718445,0.542720855183591,0.163056061566694,-0.0479753937731843,-0.134375956111815,0.151528603816136,0.0796960019292188,-0.0440150471896033,-0.34400945587123,-0.0294404326426467
"RS_GCF_003054225.1",0.459408531900977,0.218142959463928,0.206738001707207,-0.238683113310829,0.718011430138843,-1.02362697697942,-0.0848510817272078,-0.000613108388977422,-0.226905185090259,0.788888299942038,0.685906120909669,0.345442337649834,-0.548971979970466,0.0554030907287788,0.0757326230815596,0.00967910024086348,-0.337249411305775,-0.0256262953309909
"RS_GCF_005047595.1",0.459408531900977,0.218142959463928,0.206738001707207,-0.238683113310829,0.718011430138843,-1.02362697697942,-0.0848510817272078,-0.000613108388977422,-0.226905185090259,0.788888299942038,0.685906120909669,0.345442337649834,-0.548971979970466,0.0554030907287788,0.0757326230815596,0.00967910024086348,-0.337249411305775,-0.0256262953309909
"RS_GCF_014646655.1",0.103150374995235,0.309720439295372,0.491828565518038,-0.302669032419098,0.773622862027861,-0.907114839589282,-0.179250199775567,0.0132418616896887,-0.0890549945977487,0.475066680331456,0.953901396830714,0.198888299363242,-0.171788338816006,-0.169702532062275,0.425215443502998,-0.438998234990393,-0.456357642052273,0.00656111623674255
"RS_GCF_017814435.1",0.11624479580955,0.427719167759508,0.615118067157943,0.531836425818618,0.01239068935273,-0.810253644543172,0.00805709669214261,-0.0266908434781099,1.12467103969636,-0.121900922203819,0.590031587457986,0.144771609281435,0.111337576025772,-0.101932685016327,-0.00403868050394209,-0.116354591296578,-0.460543459008086,-0.0224454956131481
"RS_GCF_002886045.1",-0.513949226057688,0.670791139775197,0.306567669672229,-1.10986785939166,-1.29776798489119,-0.82278521029449,0.144216243258479,1.1355942169798,0.380026464513227,-0.01177086631074,1.01810223309326,-0.00985284966765961,-0.338885150251333,-0.364490558212467,-0.299017846083498,-0.134182402254902,-0.561275694768238,0.00403499821461817
"RS_GCF_007997385.1",0.665472993574521,0.348038781098611,-0.345623201219928,-0.354565134438183,-0.931176906118546,-1.24863783409927,0.623973985512713,0.438033181175632,-0.0801843277267888,-0.138948899110487,0.112831982312225,-0.504639008286405,0.246009180784636,0.205375916005758,-0.230558243126309,0.112867915214354,-0.301770240201952,-0.0439245272701486
"RS_GCF_000826645.1",0.459408531900977,0.218142959463928,0.206738001707207,-0.238683113310829,0.718011430138843,-1.02362697697942,-0.0848510817272078,-0.000613108388977422,-0.226905185090259,0.788888299942038,0.685906120909669,0.345442337649834,-0.548971979970466,0.0554030907287788,0.0757326230815596,0.00967910024086348,-0.337249411305775,-0.0256262953309909
"RS_GCF_021032705.1",0.274016276823239,0.253717155687547,-0.010305735558239,-0.851623988744224,0.1867386935885,-0.681639406339322,-0.369883794557528,0.422779370158676,0.319417743081301,1.23678303636033,0.572781765736407,0.712628330503399,-0.847953699291651,-0.11253326526527,0.35770893602907,-0.0816410032129531,-0.286705583520296,0.00931917103071103
"GB_GCA_016787895.1",0.103150374995235,0.309720439295372,0.491828565518038,-0.302669032419098,0.773622862027861,-0.907114839589282,-0.179250199775567,0.0132418616896887,-0.0890549945977487,0.475066680331456,0.953901396830714,0.198888299363242,-0.171788338816006,-0.169702532062275,0.425215443502998,-0.438998234990393,-0.456357642052273,0.00656111623674255
"GB_GCA_016721765.1",-0.120532376741339,0.41054712113746,0.989904020704895,-0.125894927645286,0.558882368466817,-0.901404086704035,-0.319808862711873,0.0687498481098163,0.195613664887653,0.124266522554628,1.11288164680096,0.538189340704453,-0.303258447832879,-0.198058198103685,-0.00800205935160127,-0.062660443866111,-0.453783414442631,-0.0186313583014924
"RS_GCF_022811725.1",0.696185704451867,0.235315006085975,-0.168047951839745,0.419048240153075,0.171519751024757,-0.932476534818558,0.243014877676807,-0.0960537999769037,0.702152189718445,0.542720855183591,0.163056061566694,-0.0479753937731843,-0.134375956111815,0.151528603816136,0.0796960019292188,-0.0440150471896033,-0.34400945587123,-0.0294404326426467
"RS_GCF_024808665.1",0.696185704451867,0.235315006085975,-0.168047951839745,0.419048240153075,0.171519751024757,-0.932476534818558,0.243014877676807,-0.0960537999769037,0.702152189718445,0.542720855183591,0.163056061566694,-0.0479753937731843,-0.134375956111815,0.151528603816136,0.0796960019292188,-0.0440150471896033,-0.34400945587123,-0.0294404326426467
"RS_GCF_007558865.1",0.696185704451867,0.235315006085975,-0.168047951839745,0.419048240153075,0.171519751024757,-0.932476534818558,0.243014877676807,-0.0960537999769037,0.702152189718445,0.542720855183591,0.163056061566694,-0.0479753937731843,-0.134375956111815,0.151528603816136,0.0796960019292188,-0.0440150471896033,-0.34400945587123,-0.0294404326426467
"RS_GCF_003002875.1",-0.104874219243375,0.534390261709491,0.0255359517508184,-0.673701088732073,-0.551754754779806,-1.17048353381983,0.569807619025104,0.656693752012018,-0.450965123143735,-0.108865444952201,0.972246338296275,-0.716339883862436,0.0915666780867253,-0.168198536177008,-0.147776656176409,-0.419200089925368,-0.614393750163359,-0.00571799360884883
"RS_GCF_017355785.1",-0.0741615083660297,0.421666486696855,0.203111201131002,0.0999122858591854,0.550941902363496,-0.854322234539118,0.188848511189198,0.122606770859482,0.331371394301499,0.572804309341877,1.02247041755074,-0.259676269349215,-0.288818458809726,-0.22204584836663,0.162477588879119,-0.576083052329325,-0.656632965832636,0.00876610101865313
"RS_GCF_015209965.1",0.696185704451867,0.235315006085975,-0.168047951839745,0.419048240153075,0.171519751024757,-0.932476534818558,0.243014877676807,-0.0960537999769037,0.702152189718445,0.542720855183591,0.163056061566694,-0.0479753937731843,-0.134375956111815,0.151528603816136,0.0796960019292188,-0.0440150471896033,-0.34400945587123,-0.0294404326426467
"RS_GCF_900187125.1",-0.297844260102605,0.522493168538943,0.701186656317859,0.276686390632998,0.336201408802452,-0.848611481653872,0.0482898482528933,0.17811475727961,0.6160400537869,0.222004151565048,1.18145066752099,0.0796247719919958,-0.420288567826599,-0.25040151440804,-0.270739913975481,-0.199745261205042,-0.654058738222994,-0.0164263735195818
"RS_GCF_900111155.1",0.696185704451867,0.235315006085975,-0.168047951839745,0.419048240153075,0.171519751024757,-0.932476534818558,0.243014877676807,-0.0960537999769037,0.702152189718445,0.542720855183591,0.163056061566694,-0.0479753937731843,-0.134375956111815,0.151528603816136,0.0796960019292188,-0.0440150471896033,-0.34400945587123,-0.0294404326426467
"RS_GCF_001442625.1",0.696185704451867,0.235315006085975,-0.168047951839745,0.419048240153075,0.171519751024757,-0.932476534818558,0.243014877676807,-0.0960537999769037,0.702152189718445,0.542720855183591,0.163056061566694,-0.0479753937731843,-0.134375956111815,0.151528603816136,0.0796960019292188,-0.0440150471896033,-0.34400945587123,-0.0294404326426467
"RS_GCF_022014595.1",-0.120532376741339,0.41054712113746,0.989904020704895,-0.125894927645286,0.558882368466817,-0.901404086704035,-0.319808862711873,0.0687498481098163,0.195613664887653,0.124266522554628,1.11288164680096,0.538189340704453,-0.303258447832879,-0.198058198103685,-0.00800205935160127,-0.062660443866111,-0.453783414442631,-0.0186313583014924
"GB_GCA_016722375.1",0.0115020559924637,0.441676125348388,-0.346346769155265,0.48876555834168,0.414294519578574,-1.04182581891387,0.340910461816447,0.164658256284016,0.0392580428350335,0.751407733428228,0.878715307326214,-0.0274308004743203,-0.816824475757355,-0.14496308957712,0.272311796638225,0.172382980988375,-0.217741692190589,-0.00117625393024881
"GB_GCA_002337125.1",-0.120532376741339,0.41054712113746,0.989904020704895,-0.125894927645286,0.558882368466817,-0.901404086704035,-0.319808862711873,0.0687498481098163,0.195613664887653,0.124266522554628,1.11288164680096,0.538189340704453,-0.303258447832879,-0.198058198103685,-0.00800205935160127,-0.062660443866111,-0.453783414442631,-0.0186313583014924
"RS_GCF_004118265.1",0.282096648539712,0.330089006865411,-0.0819793626798289,0.163898204967455,0.495330470474479,-0.970834371929257,0.283247629237558,0.108751800780816,0.193521203808988,0.886625928952458,0.754475141629699,-0.113122231062624,-0.666002099964186,0.00305977442442313,-0.18700523154232,-0.127405717098068,-0.537524735086138,-0.0234213105490803
"RS_GCF_023721715.1",0.696185704451867,0.235315006085975,-0.168047951839745,0.419048240153075,0.171519751024757,-0.932476534818558,0.243014877676807,-0.0960537999769037,0.702152189718445,0.542720855183591,0.163056061566694,-0.0479753937731843,-0.134375956111815,0.151528603816136,0.0796960019292188,-0.0440150471896033,-0.34400945587123,-0.0294404326426467
"GB_GCA_015069695.1",0.339927547546125,0.32689248591742,0.117042611971086,0.355062321044806,0.227131182913774,-0.815964397428419,0.148615759628448,-0.0821988298982374,0.840002380210955,0.228899235573009,0.431051337487739,-0.194529432059776,0.242807685042645,-0.0735770189749172,0.429178822350657,-0.49269238242086,-0.463117686617728,0.0027469789250868
"RS_GCF_021491375.1",0.459408531900977,0.218142959463928,0.206738001707207,-0.238683113310829,0.718011430138843,-1.02362697697942,-0.0848510817272078,-0.000613108388977422,-0.226905185090259,0.788888299942038,0.685906120909669,0.345442337649834,-0.548971979970466,0.0554030907287788,0.0757326230815596,0.00967910024086348,-0.337249411305775,-0.0256262953309909
"GB_GCA_020161535.1",0.459408531900977,0.218142959463928,0.206738001707207,-0.238683113310829,0.718011430138843,-1.02362697697942,-0.0848510817272078,-0.000613108388977422,-0.226905185090259,0.788888299942038,0.685906120909669,0.345442337649834,-0.548971979970466,0.0554030907287788,0.0757326230815596,0.00967910024086348,-0.337249411305775,-0.0256262953309909
"GB_GCA_016720745.1",0.459408531900977,0.218142959463928,0.206738001707207,-0.238683113310829,0.718011430138843,-1.02362697697942,-0.0848510817272078,-0.000613108388977422,-0.226905185090259,0.788888299942038,0.685906120909669,0.345442337649834,-0.548971979970466,0.0554030907287788,0.0757326230815596,0.00967910024086348,-0.337249411305775,-0.0256262953309909
"RS_GCF_900129295.1",-0.120532376741339,0.41054712113746,0.989904020704895,-0.125894927645286,0.558882368466817,-0.901404086704035,-0.319808862711873,0.0687498481098163,0.195613664887653,0.124266522554628,1.11288164680096,0.538189340704453,-0.303258447832879,-0.198058198103685,-0.00800205935160127,-0.062660443866111,-0.453783414442631,-0.0186313583014924
"GB_GCA_023429825.1",0.103150374995235,0.309720439295372,0.491828565518038,-0.302669032419098,0.773622862027861,-0.907114839589282,-0.179250199775567,0.0132418616896887,-0.0890549945977487,0.475066680331456,0.953901396830714,0.198888299363242,-0.171788338816006,-0.169702532062275,0.425215443502998,-0.438998234990393,-0.456357642052273,0.00656111623674255
"GB_GCA_016786865.1",0.51723943090739,0.214946438515937,0.405759976358122,-0.047518997233478,0.449812142578138,-0.868757002478582,-0.219482951336318,-0.191563739068031,0.419575991311708,0.131161606562589,0.36248231676771,0.264035136652681,0.359837805036366,-0.0212337026705615,0.691916676974537,-0.355607565081929,-0.262842362837364,0.000541994143176213
"RS_GCF_003254115.1",0.459408531900977,0.218142959463928,0.206738001707207,-0.238683113310829,0.718011430138843,-1.02362697697942,-0.0848510817272078,-0.000613108388977422,-0.226905185090259,0.788888299942038,0.685906120909669,0.345442337649834,-0.548971979970466,0.0554030907287788,0.0757326230815596,0.00967910024086348,-0.337249411305775,-0.0256262953309909
"GB_GCA_023422835.1",0.842784876935786,0.236092733697129,-0.0569058368328924,-0.757146452716467,-0.708495946454181,-1.30143043914944,0.255875274547947,0.328668272005838,-0.500610716626036,-0.236686528120907,0.0442629615921952,-0.0460744395739479,0.363039300778357,0.257719232310114,0.0321796114975701,0.249952732553285,-0.101494916421589,-0.0461295120520592
"GB_GCA_023386235.1",0.428695821023632,0.330866734476564,0.0291627523270234,-1.01229648790209,-0.384685227004459,-1.33978827626014,0.296108026108698,0.533473872763558,-1.00924170253549,0.10721854564796,0.6356820416552,-0.111221276863387,-0.168586843074015,0.109250402918401,-0.234521621973968,0.16656206264482,-0.295010195636497,-0.0401103899584929
"RS_GCF_023100805.1",-0.0741615083660297,0.421666486696855,0.203111201131002,0.0999122858591854,0.550941902363496,-0.854322234539118,0.188848511189198,0.122606770859482,0.331371394301499,0.572804309341877,1.02247041755074,-0.259676269349215,-0.288818458809726,-0.22204584836663,0.162477588879119,-0.576083052329325,-0.656632965832636,0.00876610101865313
"RS_GCF_007830125.1",-0.107757213810489,-1.1255489914659,-0.110726054806191,0.273482943842971,0.394309298667797,-0.732769743663374,0.278363997037273,0.0781242425332687,0.207706583263363,0.746016154663356,0.934805945067744,-0.197549582978843,-0.837299938651023,0.038047092966919,-0.962887773503286,-1.13542895031736,1.42194666747588,0.145575159877408
"RS_GCF_003807585.1",0.696185704451867,0.235315006085975,-0.168047951839745,0.419048240153075,0.171519751024757,-0.932476534818558,0.243014877676807,-0.0960537999769037,0.702152189718445,0.542720855183591,0.163056061566694,-0.0479753937731843,-0.134375956111815,0.151528603816136,0.0796960019292188,-0.0440150471896033,-0.34400945587123,-0.0294404326426467
"GB_GCA_022360175.1",-0.336637342696423,0.558845092373715,0.595285034059265,-1.51244917766994,-1.07508702522683,-0.875577815344653,-0.223882467706287,1.02622930781,-0.0403999243860205,-0.10950849532116,0.94953321237323,0.448711719044798,-0.221855030257613,-0.312147241908111,-0.0362799914596185,0.00290241508402943,-0.361000370987874,0.00183001343270759
"GB_GCA_017303475.1",0.459408531900977,0.218142959463928,0.206738001707207,-0.238683113310829,0.718011430138843,-1.02362697697942,-0.0848510817272078,-0.000613108388977422,-0.226905185090259,0.788888299942038,0.685906120909669,0.345442337649834,-0.548971979970466,0.0554030907287788,0.0757326230815596,0.00967910024086348,-0.337249411305775,-0.0256262953309909
"GB_GCA_016713905.1",0.103150374995235,0.309720439295372,0.491828565518038,-0.302669032419098,0.773622862027861,-0.907114839589282,-0.179250199775567,0.0132418616896887,-0.0890549945977487,0.475066680331456,0.953901396830714,0.198888299363242,-0.171788338816006,-0.169702532062275,0.425215443502998,-0.438998234990393,-0.456357642052273,0.00656111623674255
"GB_GCA_020636225.1",0.459408531900977,0.218142959463928,0.206738001707207,-0.238683113310829,0.718011430138843,-1.02362697697942,-0.0848510817272078,-0.000613108388977422,-0.226905185090259,0.788888299942038,0.685906120909669,0.345442337649834,-0.548971979970466,0.0554030907287788,0.0757326230815596,0.00967910024086348,-0.337249411305775,-0.0256262953309909
"GB_GCA_002344345.1",0.0724376641178901,0.422444214308008,0.314253316137854,-1.07628240701036,-0.329073795115442,-1.22327613887,0.201708908060339,0.547328842842224,-0.871391512042983,-0.206603073962622,0.903677317576245,-0.257775315149979,0.208596798080445,-0.115855219872652,0.11496119844747,-0.282115272586436,-0.414118426382995,-0.00792297839075939
"GB_GCA_022565805.1",0.459408531900977,0.218142959463928,0.206738001707207,-0.238683113310829,0.718011430138843,-1.02362697697942,-0.0848510817272078,-0.000613108388977422,-0.226905185090259,0.788888299942038,0.685906120909669,0.345442337649834,-0.548971979970466,0.0554030907287788,0.0757326230815596,0.00967910024086348,-0.337249411305775,-0.0256262953309909
"RS_GCF_011682235.2",0.459408531900977,0.218142959463928,0.206738001707207,-0.238683113310829,0.718011430138843,-1.02362697697942,-0.0848510817272078,-0.000613108388977422,-0.226905185090259,0.788888299942038,0.685906120909669,0.345442337649834,-0.548971979970466,0.0554030907287788,0.0757326230815596,0.00967910024086348,-0.337249411305775,-0.0256262953309909
"GB_GCA_017303995.1",0.394878401027273,0.459625899581588,-0.609990607695364,-0.0296977810639583,-1.01221285701445,-1.31962928108389,0.681636818091603,0.493939636678832,-0.234447488700743,-0.274167094634717,0.23707214800874,-0.418947577698102,0.0951868049914674,0.0573530520042151,0.228758785054235,0.412656613300796,0.018012802693597,-0.0216794706513171
"GB_GCA_013361065.1",0.394878401027273,0.459625899581588,-0.609990607695364,-0.0296977810639583,-1.01221285701445,-1.31962928108389,0.681636818091603,0.493939636678832,-0.234447488700743,-0.274167094634717,0.23707214800874,-0.418947577698102,0.0951868049914674,0.0573530520042151,0.228758785054235,0.412656613300796,0.018012802693597,-0.0216794706513171
"GB_GCA_022180565.1",-0.35123361822867,-0.904434618918283,-0.353646736010895,0.0159010387032875,-1.05762259693211,-0.965052515427863,0.582354067842958,0.47716704850995,-0.0824119187538579,-0.728598488534401,0.68539822736783,-0.649928967900912,0.30107260745909,-0.132765252244342,-0.197640936485292,-1.04404395514976,1.85837597450912,0.179504411342905
"GB_GCA_023397505.1",0.619102125199212,0.336919415539217,0.441169618353965,-0.580372347942654,-0.923236440015226,-1.29571968626419,0.115316611611642,0.384176258425966,-0.215942057140634,-0.587486685897736,0.203243211562442,0.293226601767263,0.231569191761484,0.229363566268704,-0.401037891357029,0.626290523677568,-0.0989206888119469,-0.0713219865902942
"GB_GCA_020723965.1",-0.437008790265165,-1.02820216709447,-0.161358594867059,-1.18109427702713,-0.0624018155226059,-1.34266239755755,0.0221169608633938,0.455555250691481,-0.868339243161509,-0.652976530511029,-0.0136769108644039,-0.488331345727097,-0.974340584410627,0.218945164368404,-1.04360329872599,-0.967016599379679,1.58907823240389,0.119169977067796
"GB_GCA_016716225.1",0.394878401027273,0.459625899581588,-0.609990607695364,-0.0296977810639583,-1.01221285701445,-1.31962928108389,0.681636818091603,0.493939636678832,-0.234447488700743,-0.274167094634717,0.23707214800874,-0.418947577698102,0.0951868049914674,0.0573530520042151,0.228758785054235,0.412656613300796,0.018012802693597,-0.0216794706513171
"GB_GCA_024280775.1",-0.116889247627401,-0.834161943232984,-0.85294439100649,1.08684908753848,0.305993784888525,2.67572656871746,0.245420919422704,-0.00219761721299338,-0.387745045014626,-0.32814752599776,0.0148269419728535,-0.2231078255502,-0.343807177351848,0.267659648982181,-0.624016199158768,-0.28486958879975,1.78404905590393,0.119368006560187
"GB_GCA_021159005.1",0.245020341692717,0.494511985974156,-0.432887583085378,-0.0285668509901073,1.13403645054401,2.21492203282273,-0.444564424965687,-0.184132487462969,-0.541376572474686,-0.769642487064735,-1.18800280383939,-0.0584900524573174,-0.539112745527897,0.507745953653092,-0.0779119655455201,0.43489433486683,-0.370313040294903,-0.0837946086672425
"RS_GCF_000522985.1",0.235725780164403,0.318969641306016,0.704813456894064,-0.0619090085370163,0.503270936577799,-1.01791622409417,-0.225409744663513,0.0548948780311501,0.0577634743951427,0.43808814216521,0.844886370879916,0.684743378991045,-0.680442088987339,0.0270474246873686,-0.35748487977304,0.386016891365146,-0.334675183696133,-0.0508187698692259
"GB_GCA_009841165.1",0.483643725462931,-1.33226903964682,0.0919227204209296,0.126051660750307,0.293179538882439,-0.747204511602838,-0.129967465488243,-0.236046267394245,0.295911180273573,0.304373451884069,0.27481784428471,0.326161823023054,-0.188643674804932,0.238859238662988,-0.433448685407868,-0.914953463069967,1.81573727047115,0.137351053001931
"GB_GCA_023389035.1",-0.166635912269817,0.53618535769034,-0.222307292476819,-0.696933581547015,-0.452260890940993,-1.37306444627243,0.260467434419334,0.404597087429768,0.18438294268533,-1.07235582059096,-0.448862497724379,-0.943875763520487,-0.0112630807106792,0.0549777361222121,0.0857254425040764,-0.461364848822108,-0.496261445470079,-0.0214532191026145
"GB_GCA_016789265.1",0.486526720030044,0.327670213528573,0.228184726977939,-0.821132371824736,-0.652884514565164,-1.1849183017593,0.161476156499588,0.342523242084505,-0.362760526133526,-0.550508147731489,0.31225823751324,-0.192628477860539,0.740222941932817,0.0326136095190607,0.381662431919009,-0.198724602677972,-0.220603147168087,-0.0139421004843257
"GB_GCA_016213775.1",-0.35123361822867,-0.904434618918283,-0.353646736010895,0.0159010387032875,-1.05762259693211,-0.965052515427863,0.582354067842958,0.47716704850995,-0.0824119187538579,-0.728598488534401,0.68539822736783,-0.649928967900912,0.30107260745909,-0.132765252244342,-0.197640936485292,-1.04404395514976,1.85837597450912,0.179504411342905
"GB_GCA_021810625.1",-0.385139117613303,-1.14852595268972,0.0678444586563092,-0.0453234452940502,0.577008814786534,-1.03963480808302,-0.31465180519025,-0.553528421460454,0.171993104361945,0.0764561441078256,-1.06987815060646,0.162355647359844,-0.556363682315256,-0.228974631943077,-0.662721321527354,-1.05576146690325,1.74970350240526,0.112686437591641
"RS_GCF_014203225.1",0.306331842101666,-1.22032299224534,-0.196794643966106,0.528632979028591,0.0704985792180747,-0.694411906552674,0.238131245476523,-0.126681358224451,0.71633756917282,0.402111080894489,0.343386865004739,-0.132402745689404,-0.305673794798652,0.186515922358632,-0.696186540031748,-1.0520382804089,1.61546194669079,0.139556037783842
"RS_GCF_014640335.1",0.249526356708906,-1.16941649042096,-0.410293961385185,0.661842615560056,-0.255156258154935,-0.739546428948529,-0.594413720943141,-0.503259682066636,0.5974106106898,0.507928913314591,0.528887433283075,-0.445812244686581,-0.282169545097062,0.28423511843135,-0.803559272628099,-1.03627755610262,1.55778207661854,0.117839508580488
"GB_GCA_020072815.1",-0.415851828490648,-1.03580217767708,-0.109730790723874,-0.818936819885308,-0.525687842356768,-1.35579610736374,0.0663073026456557,-0.0194414403079178,-0.610343413083289,-0.605213610186252,-1.12010222986093,-0.294307967153377,-0.175978545418805,-0.175127319753455,-0.972975566582882,-0.898878504499295,1.79194271807454,0.098202342964139
"GB_GCA_021287085.1",0.486526720030044,0.327670213528573,0.228184726977939,-0.821132371824736,-0.652884514565164,-1.1849183017593,0.161476156499588,0.342523242084505,-0.362760526133526,-0.550508147731489,0.31225823751324,-0.192628477860539,0.740222941932817,0.0326136095190607,0.381662431919009,-0.198724602677972,-0.220603147168087,-0.0139421004843257
"RS_GCF_017498545.1",-1.84784691875769,1.02294443406135,0.510999212575011,-2.0399328823077,-1.11285853052106,-0.759023913070762,1.01708153249457,-0.122098310918753,0.329161623342772,1.50121974513617,0.434247655693844,-0.963216251716788,0.518463282851382,0.694302288289133,0.247157503492878,0.391552959121008,0.141134459931927,-0.0251397250466297
"RS_GCF_005843985.1",0.35816695219231,0.545463132838973,-0.776874029670139,0.0394561198553436,-0.0432218289592317,2.85064095807629,-0.0923909937862216,0.395915964079007,0.298655664676513,0.395575180233862,-0.402868382334969,0.142814088631281,-0.320668682193027,0.21275883844718,-0.0254743724308357,0.332044842879287,-0.444661561768159,-0.0369280541234306
"GB_GCA_022729705.1",-2.82105722573201,-5.3655684641443,0.147389652852344,-1.05819288833625,0.204481483427271,-0.407431870889004,-0.255936616252277,0.230685806433292,0.560523356481155,1.45255220799068,0.541578292673535,0.061516933896133,0.544760822609309,-0.358006370687807,0.438174228380401,0.748841710749758,-0.502034859010552,0.282990819621468
"RS_GCF_000518225.1",-1.43409622498426,-5.50687157199144,0.0765667005685013,-1.08462444198103,-1.75801203636915,-0.557429457054932,0.0127606910759209,0.783383353713687,0.0240780880890214,-0.265212779445684,0.232672043743648,-0.063251836130372,0.321092241752799,0.109231588239657,0.852431913601601,0.103140247391854,-0.698925218746853,0.309628519962354
"RS_GCF_021300655.1",-1.07783806807852,-5.59844905182289,-0.20852386324233,-1.02063852287276,-1.81362346825817,-0.673941594445071,0.107159809124281,0.769528383635021,-0.113772102403489,0.0486088401648979,-0.035323232177397,0.0833022021562194,-0.0560913994016609,0.33433721103071,0.502949093180162,0.551817582623111,-0.579816988000355,0.27744110839462
"RS_GCF_000259275.1",-1.19975185438299,-5.43659889630615,-0.422730954427095,-0.0136763931458365,-0.39439565454851,3.08334962709039,-0.324172457344334,0.304018687990743,-0.281255038171747,0.135238183090957,-0.437899241651328,0.363569306220341,-0.323787543058139,0.509656489466181,0.426056650928125,0.862314613741861,-0.77325213735204,0.249492115179637
"RS_GCF_013201705.1",-2.82105722573201,-5.3655684641443,0.147389652852344,-1.05819288833625,0.204481483427271,-0.407431870889004,-0.255936616252277,0.230685806433292,0.560523356481155,1.45255220799068,0.541578292673535,0.061516933896133,0.544760822609309,-0.358006370687807,0.438174228380401,0.748841710749758,-0.502034859010552,0.282990819621468
"RS_GCF_001956695.1",-2.99836910909328,-5.25362241674281,-0.141327711534692,-0.655611570057963,-0.0181994762370938,-0.354639265838841,0.112162094712489,0.340050715603085,0.980949745380402,1.5502898370011,0.610147313393564,-0.397047634816324,0.427730702615588,-0.410349686992163,0.175436373756522,0.611756893410826,-0.702310182790915,0.285195804403378
"RS_GCF_003544855.1",-1.88485921812831,-5.41650106084663,0.0152411192206869,-1.16878113610217,-1.62928805619288,-0.763790978472659,0.231815654028044,0.704142894151062,-0.873038244144183,0.784181908027409,0.0410896089520861,0.147031906151061,-0.320981648114581,-0.356672931874575,0.0401743583801906,0.453174337686566,-0.763983060759528,0.268511718478096
"RS_GCF_000736415.1",-1.61384091029514,-5.34182489552671,-0.336662365267179,-0.268826428331457,-0.0705849350987874,3.04499178997969,-0.283939705783583,0.508824288748463,-0.789886024081204,0.479143256859824,0.153519838411676,0.298422468930901,-0.85541368691051,0.361187660074468,0.159355417456586,0.778923943833396,-0.966767416566948,0.255511237273203
"RS_GCF_014253065.1",-2.24111737503405,-5.32492358101519,0.300331683031518,-1.23276705521044,-1.57367662430387,-0.64727884108252,0.137416535979684,0.717997864229728,-0.735188053651672,0.470360288416827,0.309084884873131,0.000477867864469997,0.0562019930398791,-0.581778554665628,0.389657178801629,0.00449700245530915,-0.883091291506026,0.30069913004583
"GB_GCA_020726085.1",-1.94894210542637,-5.25784742627788,5.6002686837111e-05,0.029345109702099,-0.478259530043932,3.14837021756364,-0.334148482049681,0.0476825678277307,-0.394040003510474,0.213084557574019,-0.684910204663805,0.34589180921803,0.320131993235773,-0.257990446838445,0.579465970021131,0.398384703482523,-0.883011161642802,0.266731014737279
"RS_GCF_016629565.1",-2.99836910909328,-5.25362241674281,-0.141327711534692,-0.655611570057963,-0.0181994762370938,-0.354639265838841,0.112162094712489,0.340050715603085,0.980949745380402,1.5502898370011,0.610147313393564,-0.397047634816324,0.427730702615588,-0.410349686992163,0.175436373756522,0.611756893410826,-0.702310182790915,0.285195804403378
"GB_GCA_015493495.1",-1.87412273413373,-3.03436440951342,-0.290930817553641,-0.543029395836366,-0.0920207683451272,-0.319076340356443,0.0279747125596898,0.14613740421521,1.61404675600364,1.20897229516287,0.156618293661048,-0.254311893287118,0.893390914536723,-0.438745128281418,0.00281094306568892,-0.187586852444736,0.973854668675923,-2.53529048128574
"GB_GCA_001829785.1",-2.99836910909328,-5.25362241674281,-0.141327711534692,-0.655611570057963,-0.0181994762370938,-0.354639265838841,0.112162094712489,0.340050715603085,0.980949745380402,1.5502898370011,0.610147313393564,-0.397047634816324,0.427730702615588,-0.410349686992163,0.175436373756522,0.611756893410826,-0.702310182790915,0.285195804403378
"RS_GCF_001968985.1",0.720871090631314,0.397942889213872,-0.271112928017657,0.249815677010455,0.710731867255476,2.45586078238602,-0.175456991920667,-0.136841423638439,-0.668093652394294,-0.150057185194848,-0.358313047881736,0.234192664490173,0.0953431571218788,0.433038510745584,-0.044712830754467,0.560449763672035,-0.294930065773274,-0.0740785052670431
"GB_GCA_002686685.1",0.163340268765744,-2.19066304932433,0.184203929406325,0.159034782838815,0.144211283347432,-0.982474228240419,-0.08112920269591,-0.216310998516542,0.157259776105415,0.442395694242536,-0.0434030194838239,0.333000270699506,0.0486200958131421,0.38073619080146,0.78176052071547,0.975804185913355,-1.6263837043428,2.782821746171
"GB_GCA_017859295.1",-0.861733102123433,-5.74674702305914,0.1860951234033,0.365915727151895,-0.179654074564522,-0.699767865804454,0.0112334141186951,-0.187951076065167,0.122241486870185,0.282383858040686,0.128025202250334,0.172779823815875,-0.137494816976927,0.448426254835137,0.531227025288179,0.486254723672971,-0.672600031455111,0.25697973666042
"GB_GCA_024742605.1",-0.861733102123433,-5.74674702305914,0.1860951234033,0.365915727151895,-0.179654074564522,-0.699767865804454,0.0112334141186951,-0.187951076065167,0.122241486870185,0.282383858040686,0.128025202250334,0.172779823815875,-0.137494816976927,0.448426254835137,0.531227025288179,0.486254723672971,-0.672600031455111,0.25697973666042
"RS_GCF_024437745.1",-0.918538587516192,-5.69584052123477,-0.0274041940157789,0.49912536368336,-0.505308911937532,-0.744902388200308,-0.821311552300968,-0.564529399907353,0.00331452838716432,0.388201690460788,0.31352577052867,-0.140629675181303,-0.113990567275337,0.546145450907855,0.423854292691828,0.502015447979249,-0.730279901527363,0.235263207457067
"RS_GCF_018129065.1",-2.50773014662553,-5.09884004015755,0.539158339646077,1.30528729524825,-0.879187372703727,-0.801878778323741,-0.214354120900058,-0.211104034892739,-0.653811224306674,1.63116563458853,0.238061539286277,-0.922201944731256,-0.762397895801644,0.624237238939061,0.573463023268097,0.574018281753004,-0.540178279140938,0.241568406738041
"RS_GCF_012163135.1",-1.36644506342471,-5.47230735535031,-0.58048896487825,1.22657403533587,-0.8090258224978,-0.763101230134756,-0.395550008757313,-0.399258035234359,0.269477756312457,0.350721123946979,0.506334956945215,-0.513502813305457,-0.381843063062226,0.345779270601957,0.620433466248493,0.66471932872676,-0.610772182412177,0.259713248857809
"RS_GCF_024178315.1",-1.09585047087746,-5.58389447383328,-0.316121558402815,0.901706681961644,-0.727989871601896,-0.692109783150144,-0.453212841336202,-0.455164490737559,0.423740917286412,0.485939319471209,0.3820947912487,-0.59919424389376,-0.231020687269057,0.4938021346035,0.161116438067949,0.364930630640318,-0.930555225307727,0.237468192238977
"GB_GCA_021851785.1",-1.31147068165383,-5.60866653103794,0.110292199287322,0.606132785639565,-0.644784219321971,-0.796393935117196,-0.736888458957956,-0.834720490149031,-0.247320627444073,0.779869684554432,-0.201480468404852,-0.0117531338970215,0.152745327864114,0.00360413739428318,0.227780791363395,0.486762872951169,-0.720930695071628,0.220314695446976
"RS_GCF_003350405.1",-0.918538587516192,-5.69584052123477,-0.0274041940157789,0.49912536368336,-0.505308911937532,-0.744902388200308,-0.821311552300968,-0.564529399907353,0.00331452838716432,0.388201690460788,0.31352577052867,-0.140629675181303,-0.113990567275337,0.546145450907855,0.423854292691828,0.502015447979249,-0.730279901527363,0.235263207457067
"RS_GCF_001766235.1",-1.36644506342471,-5.47230735535031,-0.58048896487825,1.22657403533587,-0.8090258224978,-0.763101230134756,-0.395550008757313,-0.399258035234359,0.269477756312457,0.350721123946979,0.506334956945215,-0.513502813305457,-0.381843063062226,0.345779270601957,0.620433466248493,0.66471932872676,-0.610772182412177,0.259713248857809
"RS_GCF_017377745.1",-1.09585047087746,-5.58389447383328,-0.316121558402815,0.901706681961644,-0.727989871601896,-0.692109783150144,-0.453212841336202,-0.455164490737559,0.423740917286412,0.485939319471209,0.3820947912487,-0.59919424389376,-0.231020687269057,0.4938021346035,0.161116438067949,0.364930630640318,-0.930555225307727,0.237468192238977
"RS_GCF_002592045.1",-0.861733102123433,-5.74674702305914,0.1860951234033,0.365915727151895,-0.179654074564522,-0.699767865804454,0.0112334141186951,-0.187951076065167,0.122241486870185,0.282383858040686,0.128025202250334,0.172779823815875,-0.137494816976927,0.448426254835137,0.531227025288179,0.486254723672971,-0.672600031455111,0.25697973666042
"RS_GCF_000613845.1",-0.918538587516192,-5.69584052123477,-0.0274041940157789,0.49912536368336,-0.505308911937532,-0.744902388200308,-0.821311552300968,-0.564529399907353,0.00331452838716432,0.388201690460788,0.31352577052867,-0.140629675181303,-0.113990567275337,0.546145450907855,0.423854292691828,0.502015447979249,-0.730279901527363,0.235263207457067
"RS_GCF_001787335.1",-0.918538587516192,-5.69584052123477,-0.0274041940157789,0.49912536368336,-0.505308911937532,-0.744902388200308,-0.821311552300968,-0.564529399907353,0.00331452838716432,0.388201690460788,0.31352577052867,-0.140629675181303,-0.113990567275337,0.546145450907855,0.423854292691828,0.502015447979249,-0.730279901527363,0.235263207457067
"RS_GCF_013201075.1",-1.09585047087746,-5.58389447383328,-0.316121558402815,0.901706681961644,-0.727989871601896,-0.692109783150144,-0.453212841336202,-0.455164490737559,0.423740917286412,0.485939319471209,0.3820947912487,-0.59919424389376,-0.231020687269057,0.4938021346035,0.161116438067949,0.364930630640318,-0.930555225307727,0.237468192238977
"GB_GCA_021847015.1",-3.29292721165919,-4.92145390020671,1.42491711005148,0.814825599539005,-0.533975900191314,-0.849603190627042,-0.776082167508632,-0.244938597721675,0.0496878665648017,0.48217675085546,-0.288892856476595,-1.10782908921243,-1.00031789052066,0.593506257015648,-0.00278782213666197,0.0763346107543824,-1.05187829969497,0.216602183748508
"RS_GCF_017876155.1",-2.96674365022464,-5.18934507560107,0.600708415111758,-0.42755246731447,-0.588070714806083,-0.61148006087571,-1.48575363425721,-0.184450518169395,0.339607244715552,0.287462415484292,-0.125899973581466,0.190350307774233,-1.06660490582163,-0.491554893916435,0.126122053615154,0.114157126676709,-1.05581912415954,0.258558117531543
"RS_GCF_003130795.1",-4.03216654291948,-4.86470731392394,1.09085541064575,-0.530364120142918,-0.064132348780812,-0.53879542667829,-0.240963958315344,0.601807128024262,1.22831264590698,1.12477582013342,-0.405248451382259,-0.822858145843245,-0.453859893077559,0.605470201116324,0.124824027930444,0.870481453692693,-0.52035895367249,0.2410717742617
"GB_GCA_903920145.1",-1.39438933645479,-5.59927142447448,-0.1891788490835,0.220742835682798,-0.0820043286489963,-0.985841137763606,-1.09041898534599,-0.611820463731883,0.130031608306773,-0.231383611409099,-0.516163985428979,-0.433312392128793,-0.748446469925112,0.620852893815362,0.390655157900775,0.376460019174045,-0.805662876048992,0.225547104056868
"GB_GCA_004292755.1",-0.861733102123433,-5.74674702305914,0.1860951234033,0.365915727151895,-0.179654074564522,-0.699767865804454,0.0112334141186951,-0.187951076065167,0.122241486870185,0.282383858040686,0.128025202250334,0.172779823815875,-0.137494816976927,0.448426254835137,0.531227025288179,0.486254723672971,-0.672600031455111,0.25697973666042
"GB_GCA_018823745.1",-0.861733102123433,-5.74674702305914,0.1860951234033,0.365915727151895,-0.179654074564522,-0.699767865804454,0.0112334141186951,-0.187951076065167,0.122241486870185,0.282383858040686,0.128025202250334,0.172779823815875,-0.137494816976927,0.448426254835137,0.531227025288179,0.486254723672971,-0.672600031455111,0.25697973666042
"GB_GCA_945892755.1",-1.08541585386001,-5.64592034121705,0.684170578590157,0.542689831925707,-0.394394568125566,-0.694057112919207,-0.12932524881761,-0.13244308964504,0.406910146355587,-0.0684162997361422,0.287005452220581,0.512080865157086,-0.2689649259938,0.420070588793727,0.0980095224335798,0.862592514797253,-0.670025803845469,0.231787262122186
"RS_GCF_000427665.1",-2.09364109071337,-5.19361404093699,0.453089750486161,1.56043733043387,-1.20299809215345,-0.763520941213041,-0.254586872460809,-0.415909635650459,-0.145180238397217,1.28726056081966,-0.353357540776728,-0.857055107441817,-0.230771751949273,0.772706068330774,0.840164256739635,0.657408951661468,-0.346662999926029,0.235549284644474
"GB_GCA_024178355.1",-0.861733102123433,-5.74674702305914,0.1860951234033,0.365915727151895,-0.179654074564522,-0.699767865804454,0.0112334141186951,-0.187951076065167,0.122241486870185,0.282383858040686,0.128025202250334,0.172779823815875,-0.137494816976927,0.448426254835137,0.531227025288179,0.486254723672971,-0.672600031455111,0.25697973666042
"GB_GCA_017643475.1",-0.918538587516192,-5.69584052123477,-0.0274041940157789,0.49912536368336,-0.505308911937532,-0.744902388200308,-0.821311552300968,-0.564529399907353,0.00331452838716432,0.388201690460788,0.31352577052867,-0.140629675181303,-0.113990567275337,0.546145450907855,0.423854292691828,0.502015447979249,-0.730279901527363,0.235263207457067
"GB_GCA_015485155.1",-2.17842242110818,-5.33947077021758,-0.391067909223792,0.921989292760046,-0.199541709220695,-1.01039700421909,0.252310617960343,-0.340161865458383,0.264486638883849,0.0169859837506331,-1.02386160622429,-0.363899489971489,-0.77306732027414,-0.219773796076827,0.498533562725359,0.508150600587197,-0.619126080405819,0.256765162650872
"RS_GCF_014204545.1",-0.861733102123433,-5.74674702305914,0.1860951234033,0.365915727151895,-0.179654074564522,-0.699767865804454,0.0112334141186951,-0.187951076065167,0.122241486870185,0.282383858040686,0.128025202250334,0.172779823815875,-0.137494816976927,0.448426254835137,0.531227025288179,0.486254723672971,-0.672600031455111,0.25697973666042
"RS_GCF_002157625.1",-0.861733102123433,-5.74674702305914,0.1860951234033,0.365915727151895,-0.179654074564522,-0.699767865804454,0.0112334141186951,-0.187951076065167,0.122241486870185,0.282383858040686,0.128025202250334,0.172779823815875,-0.137494816976927,0.448426254835137,0.531227025288179,0.486254723672971,-0.672600031455111,0.25697973666042
"RS_GCF_014652575.1",-1.0390449854847,-5.63480097565766,-0.102622240983736,0.768497045430179,-0.402335034228886,-0.64697526075429,0.379332125083461,-0.0785861668953739,0.542667875769432,0.380121487051107,0.196594222970364,-0.285784744896582,-0.254524936970647,0.396082938530781,0.2684891706643,0.349169906334039,-0.872875355235475,0.259184721442331
"RS_GCF_009905535.1",-0.861733102123433,-5.74674702305914,0.1860951234033,0.365915727151895,-0.179654074564522,-0.699767865804454,0.0112334141186951,-0.187951076065167,0.122241486870185,0.282383858040686,0.128025202250334,0.172779823815875,-0.137494816976927,0.448426254835137,0.531227025288179,0.486254723672971,-0.672600031455111,0.25697973666042
"GB_GCA_903840435.1",-0.918538587516192,-5.69584052123477,-0.0274041940157789,0.49912536368336,-0.505308911937532,-0.744902388200308,-0.821311552300968,-0.564529399907353,0.00331452838716432,0.388201690460788,0.31352577052867,-0.140629675181303,-0.113990567275337,0.546145450907855,0.423854292691828,0.502015447979249,-0.730279901527363,0.235263207457067
"RS_GCF_000023785.1",-0.861733102123433,-5.74674702305914,0.1860951234033,0.365915727151895,-0.179654074564522,-0.699767865804454,0.0112334141186951,-0.187951076065167,0.122241486870185,0.282383858040686,0.128025202250334,0.172779823815875,-0.137494816976927,0.448426254835137,0.531227025288179,0.486254723672971,-0.672600031455111,0.25697973666042
"GB_GCA_002692725.1",-0.861733102123433,-5.74674702305914,0.1860951234033,0.365915727151895,-0.179654074564522,-0.699767865804454,0.0112334141186951,-0.187951076065167,0.122241486870185,0.282383858040686,0.128025202250334,0.172779823815875,-0.137494816976927,0.448426254835137,0.531227025288179,0.486254723672971,-0.672600031455111,0.25697973666042
"RS_GCF_000685295.1",-1.70257167216958,-5.43603986697786,-0.229293254156071,1.20037182076061,-0.62284629250923,-0.76945825465579,0.521418051005363,-0.292870801633853,0.13776955896424,0.63657128562052,-0.194171850266643,-0.071216773023998,-0.138611417624365,-0.294481238984334,0.531732697516412,0.633706029392401,-0.54374310588419,0.266481266051072
"GB_GCA_002733705.1",-0.861733102123433,-5.74674702305914,0.1860951234033,0.365915727151895,-0.179654074564522,-0.699767865804454,0.0112334141186951,-0.187951076065167,0.122241486870185,0.282383858040686,0.128025202250334,0.172779823815875,-0.137494816976927,0.448426254835137,0.531227025288179,0.486254723672971,-0.672600031455111,0.25697973666042
"GB_GCA_020161615.1",-2.40298740680844,-5.11279699774643,1.50062317595928,1.34835816272519,-1.28109120292957,-0.570306603953044,-0.547207486024363,-0.402453134654865,0.43160177255465,0.75785697895648,-0.0506221805819509,-0.7499995349755,0.165764155981483,0.667267643499854,0.29711254612593,0.285280709468051,-0.782980045958435,0.220299165055141
"RS_GCF_900499075.1",-0.918538587516192,-5.69584052123477,-0.0274041940157789,0.49912536368336,-0.505308911937532,-0.744902388200308,-0.821311552300968,-0.564529399907353,0.00331452838716432,0.388201690460788,0.31352577052867,-0.140629675181303,-0.113990567275337,0.546145450907855,0.423854292691828,0.502015447979249,-0.730279901527363,0.235263207457067
"RS_GCF_004366635.1",-2.1734662134745,-5.29035936437405,-0.356723982415234,1.07843142210645,-0.624690410432517,-0.852950614162343,-0.270894163853549,-0.464643524718318,-0.489788385428237,1.08629419180949,0.582747798074698,-0.449773109310615,-0.646733311775146,-0.345230872303329,0.157658731448522,0.566076083790215,-0.79493825517135,0.250783858941285
"RS_GCF_000021865.1",-2.20141048650458,-5.41732343349823,0.0345861333795165,0.0726002224533826,0.102331083416286,-1.07569052179119,-0.965763140442224,-0.677205953215842,-0.629234533433921,0.504189456453412,-0.439751144299496,-0.369582688133951,-1.01333671863803,-0.0701572490899228,-0.0721195768991963,0.2778167742375,-0.989828948808165,0.216617714140343
"RS_GCF_003034995.1",-1.75937715756234,-5.38513336515348,-0.44279257157515,1.33358145729207,-0.94850112988224,-0.814592777051644,-0.3111269154143,-0.669449125476038,0.01884260048122,0.742389118040622,-0.00867128198830684,-0.384626272021175,-0.115107167922775,-0.196762042911616,0.424359964920061,0.64946675369868,-0.601422975956442,0.244764736847718
"GB_GCA_002421605.1",-2.1734662134745,-5.29035936437405,-0.356723982415234,1.07843142210645,-0.624690410432517,-0.852950614162343,-0.270894163853549,-0.464643524718318,-0.489788385428237,1.08629419180949,0.582747798074698,-0.449773109310615,-0.646733311775146,-0.345230872303329,0.157658731448522,0.566076083790215,-0.79493825517135,0.250783858941285
"RS_GCF_004522175.1",-1.67417482009283,-5.46114628741284,-0.39546890236516,0.395773228484454,-1.39873791553668,-0.401613759426934,-0.65382246082351,-0.301963102431585,0.719428689626735,1.32550204998314,-0.246035802858084,-0.103131709755913,-0.263266511450791,-0.216675534904121,0.247019249687027,0.258357952158421,-0.870662191066513,0.257465146590589
"RS_GCF_900102885.1",-3.4457796527439,-5.11305423939113,1.09854105711138,-0.496778667761618,0.904561840994939,-0.939286355253798,-0.183471293513484,0.0135417538866877,-0.0231053306492341,0.929943612481542,-0.519673366899273,-1.07078061132556,0.0936220552542198,0.854105539456138,0.538803072461412,0.722548583361159,-0.373201685287247,0.229113797656322
"RS_GCF_003940805.1",-1.81261188114867,-5.36722702680374,1.71774929395457,0.876553127023708,-0.788366837781215,-0.694476823997493,0.0116378874788942,-0.14909469006114,-0.00774784835408776,0.868123137136539,-0.572687045501362,0.168528571020725,-0.117893614880847,0.846997386522544,0.317740312924722,0.855282137731961,-0.405916621359321,0.207623297908851
"GB_GCA_014763725.1",-0.918538587516192,-5.69584052123477,-0.0274041940157789,0.49912536368336,-0.505308911937532,-0.744902388200308,-0.821311552300968,-0.564529399907353,0.00331452838716432,0.388201690460788,0.31352577052867,-0.140629675181303,-0.113990567275337,0.546145450907855,0.423854292691828,0.502015447979249,-0.730279901527363,0.235263207457067
"RS_GCF_004959935.1",-1.0390449854847,-5.63480097565766,-0.102622240983736,0.768497045430179,-0.402335034228886,-0.64697526075429,0.379332125083461,-0.0785861668953739,0.542667875769432,0.380121487051107,0.196594222970364,-0.285784744896582,-0.254524936970647,0.396082938530781,0.2684891706643,0.349169906334039,-0.872875355235475,0.259184721442331
"RS_GCF_004015795.1",-1.0390449854847,-5.63480097565766,-0.102622240983736,0.768497045430179,-0.402335034228886,-0.64697526075429,0.379332125083461,-0.0785861668953739,0.542667875769432,0.380121487051107,0.196594222970364,-0.285784744896582,-0.254524936970647,0.396082938530781,0.2684891706643,0.349169906334039,-0.872875355235475,0.259184721442331
"RS_GCF_004010155.1",-2.7314128983621,-4.99801335831546,1.03723379483293,1.48206140002206,-1.09392786626477,-0.796168025438495,-0.354912783836363,-0.155596048472612,-0.369142564821272,1.2803654768117,0.397041789256524,-0.582900903390045,-0.893868004818517,0.595881572897651,0.140245520413497,0.950356072877286,-0.537604051531296,0.216375932199806
"RS_GCF_009830125.1",-1.70257167216958,-5.43603986697786,-0.229293254156071,1.20037182076061,-0.62284629250923,-0.76945825465579,0.521418051005363,-0.292870801633853,0.13776955896424,0.63657128562052,-0.194171850266643,-0.071216773023998,-0.138611417624365,-0.294481238984334,0.531732697516412,0.633706029392401,-0.54374310588419,0.266481266051072
"GB_GCA_018402175.1",-0.861733102123433,-5.74674702305914,0.1860951234033,0.365915727151895,-0.179654074564522,-0.699767865804454,0.0112334141186951,-0.187951076065167,0.122241486870185,0.282383858040686,0.128025202250334,0.172779823815875,-0.137494816976927,0.448426254835137,0.531227025288179,0.486254723672971,-0.672600031455111,0.25697973666042
"RS_GCF_008710275.1",-2.41106777852491,-5.1891688489243,1.57229680308087,0.332835969013509,-1.58968297981555,-0.281111638363109,-1.20033890981945,-0.0884255652770055,0.557498311826963,1.10801408636435,-0.232315556475242,0.0757510265905218,-0.0161874433459822,0.551674603810161,0.84182671369732,0.331045423353166,-0.532160894392592,0.253039646634933
"GB_GCA_000472185.1",-0.918538587516192,-5.69584052123477,-0.0274041940157789,0.49912536368336,-0.505308911937532,-0.744902388200308,-0.821311552300968,-0.564529399907353,0.00331452838716432,0.388201690460788,0.31352577052867,-0.140629675181303,-0.113990567275337,0.546145450907855,0.423854292691828,0.502015447979249,-0.730279901527363,0.235263207457067
"RS_GCF_016019955.1",-3.35371346006337,-5.21809286555964,-0.227884319634456,-1.20336577980534,0.302131229342796,-0.693505142848157,-1.35758901571696,-0.193183581233423,0.568313477917743,0.938784738540896,-0.102610895005778,-0.544575282048535,-0.0661908303388768,-0.185579731707582,0.297602360992997,0.639047006250832,-0.635097703604433,0.251558187017915
"RS_GCF_003072125.1",-2.63976457935933,-5.12996904436848,1.87540912950624,0.690626809261284,-0.734599523815485,-0.661457046113907,-0.875073445428378,-0.307012443066939,-0.497455602254054,1.00402442371493,0.472227878761024,-0.356581803552483,-0.248831867877168,0.571142130412497,0.293149167278271,0.338974856898518,-0.77622000139298,0.224113302366797
"RS_GCF_002080415.1",-1.72555973756598,-5.51389253025851,0.196360788447238,0.350982750453945,-0.320973499872249,-0.834751772227895,-0.696655707397205,-0.629914889391312,-0.75595161335353,1.1237747583233,0.389938611658153,-0.0768999711864606,-0.378880815988257,-0.14486469199743,-0.0389204421081432,0.403372203042704,-0.914445974286536,0.226333817540543
"RS_GCF_900172365.1",-3.16832120498563,-5.25366706178325,-0.0108405823690099,-0.590424904371949,0.833403965893139,-1.03549271348825,-1.07255630288664,-0.616576059781076,0.021990549746183,0.490890002122607,0.0105134601674837,-0.9117612749021,0.232790888982308,-0.0176433757135332,0.015626048045486,0.730367109704648,-0.685641531389912,0.216612720656213
"GB_GCA_001650895.1",-0.918538587516192,-5.69584052123477,-0.0274041940157789,0.49912536368336,-0.505308911937532,-0.744902388200308,-0.821311552300968,-0.564529399907353,0.00331452838716432,0.388201690460788,0.31352577052867,-0.140629675181303,-0.113990567275337,0.546145450907855,0.423854292691828,0.502015447979249,-0.730279901527363,0.235263207457067
"RS_GCF_000521865.1",-0.918538587516192,-5.69584052123477,-0.0274041940157789,0.49912536368336,-0.505308911937532,-0.744902388200308,-0.821311552300968,-0.564529399907353,0.00331452838716432,0.388201690460788,0.31352577052867,-0.140629675181303,-0.113990567275337,0.546145450907855,0.423854292691828,0.502015447979249,-0.730279901527363,0.235263207457067
"GB_GCA_006226775.1",-3.16832120498563,-5.25366706178325,-0.0108405823690099,-0.590424904371949,0.833403965893139,-1.03549271348825,-1.07255630288664,-0.616576059781076,0.021990549746183,0.490890002122607,0.0105134601674837,-0.9117612749021,0.232790888982308,-0.0176433757135332,0.015626048045486,0.730367109704648,-0.685641531389912,0.216612720656213
"RS_GCF_019392245.1",-1.08541585386001,-5.64592034121705,0.684170578590157,0.542689831925707,-0.394394568125566,-0.694057112919207,-0.12932524881761,-0.13244308964504,0.406910146355587,-0.0684162997361422,0.287005452220581,0.512080865157086,-0.2689649259938,0.420070588793727,0.0980095224335798,0.862592514797253,-0.670025803845469,0.231787262122186
"RS_GCF_002073975.1",-1.64573461480486,-5.41714720682145,1.00617452134863,0.832988658781361,-0.89928118159318,-0.745322099278593,-0.680348416004464,-0.581181000323452,-0.41134346632251,1.32474112733347,-0.546166727193273,-0.484181969317663,0.037080743837616,0.973072248636673,0.64358508318297,0.494705070913957,-0.466170719041215,0.211099243243732
"RS_GCF_018457175.1",-2.11666072808174,-5.34126586619843,-0.143224664996155,0.945221785574989,-0.299035573059508,-0.807816091766489,0.561650802566114,-0.0880652008761332,-0.370861426945216,0.980476359389387,0.397247229796362,-0.136363610313437,-0.670237561476736,-0.442950068376047,0.265031464044873,0.550315359483937,-0.737258385099098,0.272500388144638
"RS_GCF_022678485.1",-1.78732143059243,-5.51209743427766,-0.0514824557803993,0.327750257639003,-0.221479636033436,-1.03733268468049,-1.00599589200298,-0.882011553973561,-0.120603547524464,0.160284382684545,-1.0311702243625,-0.304435850844512,-0.481710574785661,0.0783115803017903,0.194581656572342,0.361207444145964,-0.796313669593257,0.210598592046777
"RS_GCF_003254465.1",-1.75937715756234,-5.38513336515348,-0.44279257157515,1.33358145729207,-0.94850112988224,-0.814592777051644,-0.3111269154143,-0.669449125476038,0.01884260048122,0.742389118040622,-0.00867128198830684,-0.384626272021175,-0.115107167922775,-0.196762042911616,0.424359964920061,0.64946675369868,-0.601422975956442,0.244764736847718
"GB_GCA_021775315.1",-2.11666072808174,-5.34126586619843,-0.143224664996155,0.945221785574989,-0.299035573059508,-0.807816091766489,0.561650802566114,-0.0880652008761332,-0.370861426945216,0.980476359389387,0.397247229796362,-0.136363610313437,-0.670237561476736,-0.442950068376047,0.265031464044873,0.550315359483937,-0.737258385099098,0.272500388144638
"GB_GCA_018223125.1",-0.861733102123433,-5.74674702305914,0.1860951234033,0.365915727151895,-0.179654074564522,-0.699767865804454,0.0112334141186951,-0.187951076065167,0.122241486870185,0.282383858040686,0.128025202250334,0.172779823815875,-0.137494816976927,0.448426254835137,0.531227025288179,0.486254723672971,-0.672600031455111,0.25697973666042
"RS_GCF_014201905.1",-2.82515683443707,-5.09439484814486,1.65836539224079,0.0776859338278884,-1.26587226036583,-0.319469475473809,-1.1601061582587,0.116380035480714,0.0488673259175056,1.45191916013322,0.359103523587762,0.0106041893010827,-0.547813587198353,0.403205774418448,0.575125480225781,0.247654753444702,-0.725676173607501,0.259058768728499
"RS_GCF_016623495.1",-3.16832120498563,-5.25366706178325,-0.0108405823690099,-0.590424904371949,0.833403965893139,-1.03549271348825,-1.07255630288664,-0.616576059781076,0.021990549746183,0.490890002122607,0.0105134601674837,-0.9117612749021,0.232790888982308,-0.0176433757135332,0.015626048045486,0.730367109704648,-0.685641531389912,0.216612720656213
"GB_GCA_021775555.1",-2.75525756268713,-5.39615104343908,-0.0824318287607619,-0.659648621795144,1.10344737137713,-1.10687032848254,-0.145612218418616,-0.253852706017558,0.00306731773669289,0.698893789313086,-0.442982384031897,-0.451797737618331,-0.167897001873742,0.109743051004801,-0.226484039779601,1.16328372062963,-0.508853430571162,0.206141838291833
"GB_GCA_002919265.1",-1.31147068165383,-5.60866653103794,0.110292199287322,0.606132785639565,-0.644784219321971,-0.796393935117196,-0.736888458957956,-0.834720490149031,-0.247320627444073,0.779869684554432,-0.201480468404852,-0.0117531338970215,0.152745327864114,0.00360413739428318,0.227780791363395,0.486762872951169,-0.720930695071628,0.220314695446976
"RS_GCF_000503895.1",-3.30100758337567,-4.99782575138458,1.49659073717307,-0.200696594172674,-0.842567677077292,-0.560408225037107,-1.42921359130372,0.0690889716561843,0.175584405837114,0.832333858263329,-0.470586232369887,-0.282078527646408,-1.18226948984813,0.477913217325955,0.541926345434728,0.122099324639497,-0.80105914812913,0.2493426653283
"GB_GCA_002928735.1",-0.861733102123433,-5.74674702305914,0.1860951234033,0.365915727151895,-0.179654074564522,-0.699767865804454,0.0112334141186951,-0.187951076065167,0.122241486870185,0.282383858040686,0.128025202250334,0.172779823815875,-0.137494816976927,0.448426254835137,0.531227025288179,0.486254723672971,-0.672600031455111,0.25697973666042
"GB_GCA_018242295.1",-1.09585047087746,-5.58389447383328,-0.316121558402815,0.901706681961644,-0.727989871601896,-0.692109783150144,-0.453212841336202,-0.455164490737559,0.423740917286412,0.485939319471209,0.3820947912487,-0.59919424389376,-0.231020687269057,0.4938021346035,0.161116438067949,0.364930630640318,-0.930555225307727,0.237468192238977
"GB_GCA_018242255.1",-1.70378722836317,-3.73797604260567,0.481836442612523,1.45085259155835,-1.10197692034677,-1.00158556947892,-0.249703240260524,-0.385282077402911,-0.159365617851593,1.42787033510876,-0.533688344214773,-0.772627755525597,-0.0594739132624359,0.737718749788278,1.6160467987006,1.66543218488076,-2.30613440248805,0.0665528142179857
"GB_GCA_001464955.1",-1.75937715756234,-5.38513336515348,-0.44279257157515,1.33358145729207,-0.94850112988224,-0.814592777051644,-0.3111269154143,-0.669449125476038,0.01884260048122,0.742389118040622,-0.00867128198830684,-0.384626272021175,-0.115107167922775,-0.196762042911616,0.424359964920061,0.64946675369868,-0.601422975956442,0.244764736847718
"GB_GCA_008933705.1",-2.84588046807625,-5.21648537650967,-0.935084506202228,0.45615972157445,0.15026490399413,-1.13184585570214,-0.592628392855375,-0.669965265944469,0.658934573088422,0.423325981450511,-0.656091709400022,-1.07293353745022,0.11938089589333,0.155564896163334,0.129423634652251,1.42513899559188,-0.253510302313319,0.202856228395655
"GB_GCA_024279735.1",-1.48878256501509,-5.49672048363646,-0.178425165099714,1.00871410391785,-0.867465178986335,-0.743601330067032,-0.36878974799319,-0.725355580979238,0.173105761455175,0.877607313564853,-0.132911447684822,-0.470317702609479,0.0357152078703941,-0.0487391789100726,-0.0349570632604841,0.349678055612237,-0.921206018851991,0.222519680228887
"RS_GCF_001427875.1",-1.09585047087746,-5.58389447383328,-0.316121558402815,0.901706681961644,-0.727989871601896,-0.692109783150144,-0.453212841336202,-0.455164490737559,0.423740917286412,0.485939319471209,0.3820947912487,-0.59919424389376,-0.231020687269057,0.4938021346035,0.161116438067949,0.364930630640318,-0.930555225307727,0.237468192238977
"RS_GCF_000970465.2",-1.09585047087746,-5.58389447383328,-0.316121558402815,0.901706681961644,-0.727989871601896,-0.692109783150144,-0.453212841336202,-0.455164490737559,0.423740917286412,0.485939319471209,0.3820947912487,-0.59919424389376,-0.231020687269057,0.4938021346035,0.161116438067949,0.364930630640318,-0.930555225307727,0.237468192238977
"GB_GCA_021775415.1",-1.75937715756234,-5.38513336515348,-0.44279257157515,1.33358145729207,-0.94850112988224,-0.814592777051644,-0.3111269154143,-0.669449125476038,0.01884260048122,0.742389118040622,-0.00867128198830684,-0.384626272021175,-0.115107167922775,-0.196762042911616,0.424359964920061,0.64946675369868,-0.601422975956442,0.244764736847718
"RS_GCF_019492055.1",-0.918538587516192,-5.69584052123477,-0.0274041940157789,0.49912536368336,-0.505308911937532,-0.744902388200308,-0.821311552300968,-0.564529399907353,0.00331452838716432,0.388201690460788,0.31352577052867,-0.140629675181303,-0.113990567275337,0.546145450907855,0.423854292691828,0.502015447979249,-0.730279901527363,0.235263207457067
"RS_GCF_019511375.1",-0.918538587516192,-5.69584052123477,-0.0274041940157789,0.49912536368336,-0.505308911937532,-0.744902388200308,-0.821311552300968,-0.564529399907353,0.00331452838716432,0.388201690460788,0.31352577052867,-0.140629675181303,-0.113990567275337,0.546145450907855,0.423854292691828,0.502015447979249,-0.730279901527363,0.235263207457067
"RS_GCF_022899355.1",-3.00246871779833,-4.98244880074338,1.36964802785375,0.480267252106172,-1.48855322003019,-0.266676870423645,-0.792007447293933,0.225744944650508,0.469293714816753,1.54965678914364,0.427672544307792,-0.447960379411375,-0.664843707192074,0.350862458114093,0.312387625601902,0.11056993610577,-0.925951497387864,0.261263753510409
"GB_GCA_900472485.1",-0.918538587516192,-5.69584052123477,-0.0274041940157789,0.49912536368336,-0.505308911937532,-0.744902388200308,-0.821311552300968,-0.564529399907353,0.00331452838716432,0.388201690460788,0.31352577052867,-0.140629675181303,-0.113990567275337,0.546145450907855,0.423854292691828,0.502015447979249,-0.730279901527363,0.235263207457067
"RS_GCF_014193255.1",-2.58837966188618,-5.07722280152281,1.28357943869384,0.735417287291792,-1.81236393947991,-0.228319033312946,-0.832240198854684,0.0209393438927881,0.97792470072621,1.20575171537477,-0.163746535755213,-0.382813542121935,-0.133217563339702,0.499331287505805,0.57908885907344,0.193960606014235,-0.732436218172956,0.255244631416843
"GB_GCA_900471515.1",-3.27306331034558,-4.8708616822604,1.10528062137832,0.805134605480397,-1.5695891709261,-0.337668317408257,-0.734344614715043,0.281651400153708,0.315030553842798,1.41443859361941,0.551912710004307,-0.362268948823071,-0.815666082985242,0.202839594112549,0.771704653782446,0.410358634192213,-0.606168454492315,0.283508810129241
"GB_GCA_900466605.1",-1.2812427259552,-5.54832027760966,-0.533165295668261,0.288765806528249,-1.25926260815224,-0.350122212510046,-0.738245554166523,-0.031772012189906,0.970063845457972,0.933834055889498,0.268970436075438,-0.232008251040194,-0.530002406590242,0.325865778609451,0.44309275101546,0.273610527186501,-0.880011397522248,0.27241365860068
"RS_GCF_017877135.1",-1.39438933645479,-5.59927142447448,-0.1891788490835,0.220742835682798,-0.0820043286489963,-0.985841137763606,-1.09041898534599,-0.611820463731883,0.130031608306773,-0.231383611409099,-0.516163985428979,-0.433312392128793,-0.748446469925112,0.620852893815362,0.390655157900775,0.376460019174045,-0.805662876048992,0.225547104056868
"RS_GCF_018760785.1",-3.11561532829793,-5.0333999476082,1.71363447443852,0.412244281260721,-0.31129494052695,-0.902395795677205,-1.1441808784734,-0.354303506891469,-0.370738522334446,0.38443912184504,-0.357461877196625,-0.649264520499973,-0.883287770526944,0.645849573320004,0.259950032487217,0.213419428093314,-0.851602975914609,0.214397198966597
"RS_GCF_900156055.1",-2.88691852746351,-5.09259975216401,1.41052214801315,0.054453441012946,-1.16637839652701,-0.522050387926407,-1.46944634286447,-0.135716629101535,0.684215391746571,0.488428784494462,-1.06200531243289,-0.216931690356969,-0.650643345995758,0.626382046717668,0.808627578906267,0.205489994547962,-0.607543868914221,0.243323543234733
"RS_GCF_900492205.1",-3.56352180420644,-4.80986678172374,1.16054970357604,1.13969295291323,-0.615011851087218,-0.920594637611653,-0.718419334929743,-0.189032142218475,-0.104575294409153,0.34695855533123,-0.16465269078008,-1.02213765862413,-1.15114026631383,0.445483393014105,0.456529206043883,0.376123308840825,-0.732095256799423,0.23884724036734
"RS_GCF_018457165.1",-0.918538587516192,-5.69584052123477,-0.0274041940157789,0.49912536368336,-0.505308911937532,-0.744902388200308,-0.821311552300968,-0.564529399907353,0.00331452838716432,0.388201690460788,0.31352577052867,-0.140629675181303,-0.113990567275337,0.546145450907855,0.423854292691828,0.502015447979249,-0.730279901527363,0.235263207457067
"RS_GCF_001303895.1",-1.09585047087746,-5.58389447383328,-0.316121558402815,0.901706681961644,-0.727989871601896,-0.692109783150144,-0.453212841336202,-0.455164490737559,0.423740917286412,0.485939319471209,0.3820947912487,-0.59919424389376,-0.231020687269057,0.4938021346035,0.161116438067949,0.364930630640318,-0.930555225307727,0.237468192238977
"RS_GCF_006442815.1",-2.0467292499027,-5.20437447757788,1.21553261214845,1.41234408183346,-1.33670263481859,-0.686818741343183,-0.452808367976003,-0.416308104733531,0.293751582062139,1.07167859856706,-0.318617456502996,-0.603445496688909,-0.211419485172977,0.892373266290907,-0.0523702742955091,0.733958044699308,-0.663871815211937,0.188111753487408
"GB_GCA_004963905.1",-2.50773014662553,-5.09884004015755,0.539158339646077,1.30528729524825,-0.879187372703727,-0.801878778323741,-0.214354120900058,-0.211104034892739,-0.653811224306674,1.63116563458853,0.238061539286277,-0.922201944731256,-0.762397895801644,0.624237238939061,0.573463023268097,0.574018281753004,-0.540178279140938,0.241568406738041
"RS_GCF_002284535.1",-1.09585047087746,-5.58389447383328,-0.316121558402815,0.901706681961644,-0.727989871601896,-0.692109783150144,-0.453212841336202,-0.455164490737559,0.423740917286412,0.485939319471209,0.3820947912487,-0.59919424389376,-0.231020687269057,0.4938021346035,0.161116438067949,0.364930630640318,-0.930555225307727,0.237468192238977
"GB_GCA_019635755.1",-2.05480962161917,-5.28074632875574,1.28720623927004,0.396821888121778,-1.64529441170457,-0.397623775753248,-1.10593979177109,-0.102280535355672,0.419648121334452,1.42183570597493,-0.500310832396287,0.222305064877113,-0.393371084500442,0.776780226601214,0.492343893275881,0.779722758584423,-0.413052663646094,0.220852235067199
"RS_GCF_008180155.1",-2.23212150498044,-5.16880028135426,0.998488874883007,0.799403206400062,-1.86797537136893,-0.344831170703085,-0.737841080806324,0.00708437381412193,0.840074510233699,1.51957333498535,-0.431741811676258,-0.236259503835344,-0.510401204494162,0.724436910296859,0.229606038652002,0.642637941245492,-0.613327987426458,0.223057219849109
"GB_GCA_913053745.1",-2.0467292499027,-5.20437447757788,1.21553261214845,1.41234408183346,-1.33670263481859,-0.686818741343183,-0.452808367976003,-0.416308104733531,0.293751582062139,1.07167859856706,-0.318617456502996,-0.603445496688909,-0.211419485172977,0.892373266290907,-0.0523702742955091,0.733958044699308,-0.663871815211937,0.188111753487408
"RS_GCF_024158145.1",-2.05480962161917,-5.28074632875574,1.28720623927004,0.396821888121778,-1.64529441170457,-0.397623775753248,-1.10593979177109,-0.102280535355672,0.419648121334452,1.42183570597493,-0.500310832396287,0.222305064877113,-0.393371084500442,0.776780226601214,0.492343893275881,0.779722758584423,-0.413052663646094,0.220852235067199
"RS_GCF_001952075.1",-1.75937715756234,-5.38513336515348,-0.44279257157515,1.33358145729207,-0.94850112988224,-0.814592777051644,-0.3111269154143,-0.669449125476038,0.01884260048122,0.742389118040622,-0.00867128198830684,-0.384626272021175,-0.115107167922775,-0.196762042911616,0.424359964920061,0.64946675369868,-0.601422975956442,0.244764736847718
"RS_GCF_016100455.1",-1.75937715756234,-5.38513336515348,-0.44279257157515,1.33358145729207,-0.94850112988224,-0.814592777051644,-0.3111269154143,-0.669449125476038,0.01884260048122,0.742389118040622,-0.00867128198830684,-0.384626272021175,-0.115107167922775,-0.196762042911616,0.424359964920061,0.64946675369868,-0.601422975956442,0.244764736847718
"RS_GCF_000196435.1",-0.918538587516192,-5.69584052123477,-0.0274041940157789,0.49912536368336,-0.505308911937532,-0.744902388200308,-0.821311552300968,-0.564529399907353,0.00331452838716432,0.388201690460788,0.31352577052867,-0.140629675181303,-0.113990567275337,0.546145450907855,0.423854292691828,0.502015447979249,-0.730279901527363,0.235263207457067
"RS_GCF_024297065.1",-0.918538587516192,-5.69584052123477,-0.0274041940157789,0.49912536368336,-0.505308911937532,-0.744902388200308,-0.821311552300968,-0.564529399907353,0.00331452838716432,0.388201690460788,0.31352577052867,-0.140629675181303,-0.113990567275337,0.546145450907855,0.423854292691828,0.502015447979249,-0.730279901527363,0.235263207457067
"RS_GCF_003010935.1",-1.09585047087746,-5.58389447383328,-0.316121558402815,0.901706681961644,-0.727989871601896,-0.692109783150144,-0.453212841336202,-0.455164490737559,0.423740917286412,0.485939319471209,0.3820947912487,-0.59919424389376,-0.231020687269057,0.4938021346035,0.161116438067949,0.364930630640318,-0.930555225307727,0.237468192238977
"RS_GCF_002252475.1",-1.25280252066722,-5.50432119701827,0.868478128045532,0.725981236825156,-0.759805874208741,-0.693830552361705,-0.764771509347477,-0.310989910081773,-0.160708310491273,0.933073133239826,-0.0311604882597508,-0.613058510601944,-0.229655151301835,1.51561356215025,0.839658584511403,0.509957645942038,-0.47551992549695,0.226047755253823
"GB_GCA_900470285.1",-2.05982367071701,-5.32237320604201,1.09224311050855,0.577838623595741,-0.575470462143458,-0.783679936389293,-0.640115664443713,-0.376375399565732,-0.919974452231967,1.66864620110234,0.0452523528697323,-0.549328806607102,-0.494545400014755,0.82460341924496,0.376883849711432,0.411314401005493,-0.659685998256124,0.217118365337298
"RS_GCF_019973775.1",-2.63976457935933,-5.12996904436848,1.87540912950624,0.690626809261284,-0.734599523815485,-0.661457046113907,-0.875073445428378,-0.307012443066939,-0.497455602254054,1.00402442371493,0.472227878761024,-0.356581803552483,-0.248831867877168,0.571142130412497,0.293149167278271,0.338974856898518,-0.77622000139298,0.224113302366797
"GB_GCA_000751295.2",-0.918538587516192,-5.69584052123477,-0.0274041940157789,0.49912536368336,-0.505308911937532,-0.744902388200308,-0.821311552300968,-0.564529399907353,0.00331452838716432,0.388201690460788,0.31352577052867,-0.140629675181303,-0.113990567275337,0.546145450907855,0.423854292691828,0.502015447979249,-0.730279901527363,0.235263207457067
"GB_GCA_009773635.1",-1.70257167216958,-5.43603986697786,-0.229293254156071,1.20037182076061,-0.62284629250923,-0.76945825465579,0.521418051005363,-0.292870801633853,0.13776955896424,0.63657128562052,-0.194171850266643,-0.071216773023998,-0.138611417624365,-0.294481238984334,0.531732697516412,0.633706029392401,-0.54374310588419,0.266481266051072
"RS_GCF_004137085.1",-1.0390449854847,-5.63480097565766,-0.102622240983736,0.768497045430179,-0.402335034228886,-0.64697526075429,0.379332125083461,-0.0785861668953739,0.542667875769432,0.380121487051107,0.196594222970364,-0.285784744896582,-0.254524936970647,0.396082938530781,0.2684891706643,0.349169906334039,-0.872875355235475,0.259184721442331
"RS_GCF_015709455.1",-0.861733102123433,-5.74674702305914,0.1860951234033,0.365915727151895,-0.179654074564522,-0.699767865804454,0.0112334141186951,-0.187951076065167,0.122241486870185,0.282383858040686,0.128025202250334,0.172779823815875,-0.137494816976927,0.448426254835137,0.531227025288179,0.486254723672971,-0.672600031455111,0.25697973666042
"RS_GCF_004123845.1",-0.861733102123433,-5.74674702305914,0.1860951234033,0.365915727151895,-0.179654074564522,-0.699767865804454,0.0112334141186951,-0.187951076065167,0.122241486870185,0.282383858040686,0.128025202250334,0.172779823815875,-0.137494816976927,0.448426254835137,0.531227025288179,0.486254723672971,-0.672600031455111,0.25697973666042
"GB_GCA_001898115.1",-0.861733102123433,-5.74674702305914,0.1860951234033,0.365915727151895,-0.179654074564522,-0.699767865804454,0.0112334141186951,-0.187951076065167,0.122241486870185,0.282383858040686,0.128025202250334,0.172779823815875,-0.137494816976927,0.448426254835137,0.531227025288179,0.486254723672971,-0.672600031455111,0.25697973666042
"RS_GCF_022808595.1",-1.04712535720117,-5.71117282683552,-0.030948613862146,-0.2470251482815,-0.710926811114864,-0.357780295164355,-0.273799298711625,0.235441402482485,0.668564415041745,0.730278594458976,0.0149008470770723,0.53996581666944,-0.436476536298112,0.280489898841088,0.81320333823569,0.394934620219154,-0.622056203669632,0.291925203022123
"RS_GCF_003075415.1",-2.53157417649342,-5.12812930334719,1.49707875611292,0.602207650760327,-1.4867091021069,-0.183184510917091,0.000304767564979736,0.397517667734973,1.09685165920923,1.09993388295467,-0.349247104033549,-0.0694040431247579,-0.156721813041293,0.401612091433087,0.686461591669792,0.178199881707957,-0.674756348100704,0.276961160620197
"RS_GCF_013520865.1",-0.861733102123433,-5.74674702305914,0.1860951234033,0.365915727151895,-0.179654074564522,-0.699767865804454,0.0112334141186951,-0.187951076065167,0.122241486870185,0.282383858040686,0.128025202250334,0.172779823815875,-0.137494816976927,0.448426254835137,0.531227025288179,0.486254723672971,-0.672600031455111,0.25697973666042
"RS_GCF_022138605.1",-0.861733102123433,-5.74674702305914,0.1860951234033,0.365915727151895,-0.179654074564522,-0.699767865804454,0.0112334141186951,-0.187951076065167,0.122241486870185,0.282383858040686,0.128025202250334,0.172779823815875,-0.137494816976927,0.448426254835137,0.531227025288179,0.486254723672971,-0.672600031455111,0.25697973666042
"RS_GCF_016653355.1",-2.76835134904431,-5.14530134996924,1.87186470965987,-0.0555237027035767,-0.940217422992818,-0.274334953077954,-0.327561191839035,0.492958359322899,0.167794284400526,1.34610132771311,0.173602955309426,0.32401368829826,-0.571317836899943,0.30548657834573,0.682498212822132,0.231894029138423,-0.667996303535249,0.280775297931852
"GB_GCA_018242205.1",-2.7314128983621,-4.99801335831546,1.03723379483293,1.48206140002206,-1.09392786626477,-0.796168025438495,-0.354912783836363,-0.155596048472612,-0.369142564821272,1.2803654768117,0.397041789256524,-0.582900903390045,-0.893868004818517,0.595881572897651,0.140245520413497,0.950356072877286,-0.537604051531296,0.216375932199806
"RS_GCF_002119765.1",-1.25466519626107,-5.65957303286232,0.323791516706401,0.4729231491081,-0.319129381948961,-0.751259412721342,0.0956565074617077,-0.458142166306846,-0.128393668961052,0.67405185213433,-0.386981036683188,0.301656365100156,0.129241078162524,-0.0941150586784354,0.335153523959747,0.47100214864489,-0.663250824999376,0.24203122465033
"RS_GCF_020194175.1",-1.10393084259393,-5.66026632501115,-0.244447931281225,-0.113815511750035,-1.03658164848787,-0.402914817560209,-1.10634426513129,-0.1411369213597,0.549637456558724,0.836096426879078,0.200401415355408,0.226556317672263,-0.412972286596522,0.378209094913807,0.705830605639339,0.410695344525433,-0.679736073741884,0.270208673818769
"RS_GCF_000426245.1",-2.58295909396657,-5.18087554619286,2.08890844692532,0.557417172729818,-0.408944686442475,-0.616322523718053,-0.0425284790087148,0.0695658807752463,-0.378528643771034,0.898206591294825,0.286727310482688,-0.0431723045553052,-0.272336117578758,0.473422934339778,0.400521899874622,0.32321413259224,-0.718540131320727,0.245829831570151
"RS_GCF_002266465.2",-2.53157417649342,-5.12812930334719,1.49707875611292,0.602207650760327,-1.4867091021069,-0.183184510917091,0.000304767564979736,0.397517667734973,1.09685165920923,1.09993388295467,-0.349247104033549,-0.0694040431247579,-0.156721813041293,0.401612091433087,0.686461591669792,0.178199881707957,-0.674756348100704,0.276961160620197
"RS_GCF_000472385.1",-2.40298740680844,-5.11279699774643,1.50062317595928,1.34835816272519,-1.28109120292957,-0.570306603953044,-0.547207486024363,-0.402453134654865,0.43160177255465,0.75785697895648,-0.0506221805819509,-0.7499995349755,0.165764155981483,0.667267643499854,0.29711254612593,0.285280709468051,-0.782980045958435,0.220299165055141
"RS_GCF_001693385.1",-2.58837966188618,-5.07722280152281,1.28357943869384,0.735417287291792,-1.81236393947991,-0.228319033312946,-0.832240198854684,0.0209393438927881,0.97792470072621,1.20575171537477,-0.163746535755213,-0.382813542121935,-0.133217563339702,0.499331287505805,0.57908885907344,0.193960606014235,-0.732436218172956,0.255244631416843
"RS_GCF_023101085.1",-1.2812427259552,-5.54832027760966,-0.533165295668261,0.288765806528249,-1.25926260815224,-0.350122212510046,-0.738245554166523,-0.031772012189906,0.970063845457972,0.933834055889498,0.268970436075438,-0.232008251040194,-0.530002406590242,0.325865778609451,0.44309275101546,0.273610527186501,-0.880011397522248,0.27241365860068
"GB_GCA_013377015.1",-2.45092466123277,-5.14974654198193,0.752657657065156,1.17207765871678,-0.553532535330717,-0.756744255927887,0.618190845519605,0.165474288949446,-0.534884265823654,1.52534780216842,0.0525609710079408,-0.608792445734078,-0.785902145503234,0.526518042866343,0.680835755864448,0.558257557446725,-0.482498409068686,0.263284935941394
"RS_GCF_900218015.1",-2.58295909396657,-5.18087554619286,2.08890844692532,0.557417172729818,-0.408944686442475,-0.616322523718053,-0.0425284790087148,0.0695658807752463,-0.378528643771034,0.898206591294825,0.286727310482688,-0.0431723045553052,-0.272336117578758,0.473422934339778,0.400521899874622,0.32321413259224,-0.718540131320727,0.245829831570151
"GB_GCA_023386885.1",-1.23419785800246,-3.21587454957586,1.47361209041215,0.912466558117609,-0.891177489048953,-0.784253080563428,-0.918153327955659,-0.584660494602247,-0.0774711381475032,0.993343031469389,-0.378283895519138,-0.0690878330090406,-0.0795722910760254,0.912013837104082,-0.314981466205305,0.352569091059329,0.542091238242761,2.88074524864256
"RS_GCF_000178995.1",-3.27306331034558,-4.8708616822604,1.10528062137832,0.805134605480397,-1.5695891709261,-0.337668317408257,-0.734344614715043,0.281651400153708,0.315030553842798,1.41443859361941,0.551912710004307,-0.362268948823071,-0.815666082985242,0.202839594112549,0.771704653782446,0.410358634192213,-0.606168454492315,0.283508810129241
"RS_GCF_002770725.1",-2.50773014662553,-5.09884004015755,0.539158339646077,1.30528729524825,-0.879187372703727,-0.801878778323741,-0.214354120900058,-0.211104034892739,-0.653811224306674,1.63116563458853,0.238061539286277,-0.922201944731256,-0.762397895801644,0.624237238939061,0.573463023268097,0.574018281753004,-0.540178279140938,0.241568406738041
"RS_GCF_020176715.1",-1.75937715756234,-5.38513336515348,-0.44279257157515,1.33358145729207,-0.94850112988224,-0.814592777051644,-0.3111269154143,-0.669449125476038,0.01884260048122,0.742389118040622,-0.00867128198830684,-0.384626272021175,-0.115107167922775,-0.196762042911616,0.424359964920061,0.64946675369868,-0.601422975956442,0.244764736847718
"RS_GCF_023156505.1",-3.35371346006337,-5.21809286555964,-0.227884319634456,-1.20336577980534,0.302131229342796,-0.693505142848157,-1.35758901571696,-0.193183581233423,0.568313477917743,0.938784738540896,-0.102610895005778,-0.544575282048535,-0.0661908303388768,-0.185579731707582,0.297602360992997,0.639047006250832,-0.635097703604433,0.251558187017915
"RS_GCF_014651595.1",-4.35956662085949,-4.70221369361659,0.61298868675124,-0.0722871302372277,-0.470823137049726,-0.654921396058756,-1.01584609215612,0.281135259685277,0.95512252645,1.0953754570293,-0.0955077174074077,-1.05057621425212,-0.581178019169137,0.555166533187499,0.476768323514637,1.18603087608541,-0.258255780849192,0.241600301677178
"RS_GCF_007474605.1",-0.918538587516192,-5.69584052123477,-0.0274041940157789,0.49912536368336,-0.505308911937532,-0.744902388200308,-0.821311552300968,-0.564529399907353,0.00331452838716432,0.388201690460788,0.31352577052867,-0.140629675181303,-0.113990567275337,0.546145450907855,0.423854292691828,0.502015447979249,-0.730279901527363,0.235263207457067
"RS_GCF_016464365.1",-1.27479674442193,-5.60426304140332,0.257686369795052,0.43513944457509,-0.449697480048514,-0.628390250810169,-0.915710670349328,-0.550674429828687,0.141164718879675,0.0743800708502066,0.581521046449715,-0.287183713467894,0.263193073879123,0.321039828116802,0.773337113113267,0.0533381127479923,-0.849388132273861,0.2674506190248
"RS_GCF_001421785.1",-0.861733102123433,-5.74674702305914,0.1860951234033,0.365915727151895,-0.179654074564522,-0.699767865804454,0.0112334141186951,-0.187951076065167,0.122241486870185,0.282383858040686,0.128025202250334,0.172779823815875,-0.137494816976927,0.448426254835137,0.531227025288179,0.486254723672971,-0.672600031455111,0.25697973666042
"RS_GCF_001425385.1",-1.0390449854847,-5.63480097565766,-0.102622240983736,0.768497045430179,-0.402335034228886,-0.64697526075429,0.379332125083461,-0.0785861668953739,0.542667875769432,0.380121487051107,0.196594222970364,-0.285784744896582,-0.254524936970647,0.396082938530781,0.2684891706643,0.349169906334039,-0.872875355235475,0.259184721442331
"RS_GCF_001421715.1",-1.0390449854847,-5.63480097565766,-0.102622240983736,0.768497045430179,-0.402335034228886,-0.64697526075429,0.379332125083461,-0.0785861668953739,0.542667875769432,0.380121487051107,0.196594222970364,-0.285784744896582,-0.254524936970647,0.396082938530781,0.2684891706643,0.349169906334039,-0.872875355235475,0.259184721442331
"RS_GCF_002002925.1",-1.37330891863573,-5.44328165144116,0.793260081077575,0.995352918571974,-0.656831996500095,-0.595903424915687,0.435872168036952,0.174953322930205,0.378645036890995,0.924992929830144,-0.148092035818057,-0.758213580317224,-0.370189520997146,1.36555104977317,0.684293462483875,0.357112104296828,-0.618115379205062,0.249969269239087
"RS_GCF_012927115.1",-1.0390449854847,-5.63480097565766,-0.102622240983736,0.768497045430179,-0.402335034228886,-0.64697526075429,0.379332125083461,-0.0785861668953739,0.542667875769432,0.380121487051107,0.196594222970364,-0.285784744896582,-0.254524936970647,0.396082938530781,0.2684891706643,0.349169906334039,-0.872875355235475,0.259184721442331
"RS_GCF_011927635.1",-1.09585047087746,-5.58389447383328,-0.316121558402815,0.901706681961644,-0.727989871601896,-0.692109783150144,-0.453212841336202,-0.455164490737559,0.423740917286412,0.485939319471209,0.3820947912487,-0.59919424389376,-0.231020687269057,0.4938021346035,0.161116438067949,0.364930630640318,-0.930555225307727,0.237468192238977
"RS_GCF_003355005.1",-1.09585047087746,-5.58389447383328,-0.316121558402815,0.901706681961644,-0.727989871601896,-0.692109783150144,-0.453212841336202,-0.455164490737559,0.423740917286412,0.485939319471209,0.3820947912487,-0.59919424389376,-0.231020687269057,0.4938021346035,0.161116438067949,0.364930630640318,-0.930555225307727,0.237468192238977
"RS_GCF_013409985.1",-1.0390449854847,-5.63480097565766,-0.102622240983736,0.768497045430179,-0.402335034228886,-0.64697526075429,0.379332125083461,-0.0785861668953739,0.542667875769432,0.380121487051107,0.196594222970364,-0.285784744896582,-0.254524936970647,0.396082938530781,0.2684891706643,0.349169906334039,-0.872875355235475,0.259184721442331
"RS_GCF_001590965.1",-0.918538587516192,-5.69584052123477,-0.0274041940157789,0.49912536368336,-0.505308911937532,-0.744902388200308,-0.821311552300968,-0.564529399907353,0.00331452838716432,0.388201690460788,0.31352577052867,-0.140629675181303,-0.113990567275337,0.546145450907855,0.423854292691828,0.502015447979249,-0.730279901527363,0.235263207457067
"GB_GCA_019748365.1",-0.070777099988281,-2.02781050009847,-0.31801275239979,0.694825737648563,-0.404124513689942,-0.97481614558611,-0.545575458150808,-0.483524413188933,0.458759206521642,0.645951155673058,0.210666569514542,-0.438973797010129,-0.0449057744789881,0.426112070569822,0.411649933495239,0.854480092880702,-1.88433889819541,2.76331020174955
"RS_GCF_014230305.1",-0.918538587516192,-5.69584052123477,-0.0274041940157789,0.49912536368336,-0.505308911937532,-0.744902388200308,-0.821311552300968,-0.564529399907353,0.00331452838716432,0.388201690460788,0.31352577052867,-0.140629675181303,-0.113990567275337,0.546145450907855,0.423854292691828,0.502015447979249,-0.730279901527363,0.235263207457067
"RS_GCF_008107685.1",-0.861733102123433,-5.74674702305914,0.1860951234033,0.365915727151895,-0.179654074564522,-0.699767865804454,0.0112334141186951,-0.187951076065167,0.122241486870185,0.282383858040686,0.128025202250334,0.172779823815875,-0.137494816976927,0.448426254835137,0.531227025288179,0.486254723672971,-0.672600031455111,0.25697973666042
"RS_GCF_003584125.1",-0.861733102123433,-5.74674702305914,0.1860951234033,0.365915727151895,-0.179654074564522,-0.699767865804454,0.0112334141186951,-0.187951076065167,0.122241486870185,0.282383858040686,0.128025202250334,0.172779823815875,-0.137494816976927,0.448426254835137,0.531227025288179,0.486254723672971,-0.672600031455111,0.25697973666042
"RS_GCF_013370205.1",-0.861733102123433,-5.74674702305914,0.1860951234033,0.365915727151895,-0.179654074564522,-0.699767865804454,0.0112334141186951,-0.187951076065167,0.122241486870185,0.282383858040686,0.128025202250334,0.172779823815875,-0.137494816976927,0.448426254835137,0.531227025288179,0.486254723672971,-0.672600031455111,0.25697973666042
"RS_GCF_009827545.1",-0.861733102123433,-5.74674702305914,0.1860951234033,0.365915727151895,-0.179654074564522,-0.699767865804454,0.0112334141186951,-0.187951076065167,0.122241486870185,0.282383858040686,0.128025202250334,0.172779823815875,-0.137494816976927,0.448426254835137,0.531227025288179,0.486254723672971,-0.672600031455111,0.25697973666042
"GB_GCA_025154015.1",-0.861733102123433,-5.74674702305914,0.1860951234033,0.365915727151895,-0.179654074564522,-0.699767865804454,0.0112334141186951,-0.187951076065167,0.122241486870185,0.282383858040686,0.128025202250334,0.172779823815875,-0.137494816976927,0.448426254835137,0.531227025288179,0.486254723672971,-0.672600031455111,0.25697973666042
"RS_GCF_019711355.1",-0.861733102123433,-5.74674702305914,0.1860951234033,0.365915727151895,-0.179654074564522,-0.699767865804454,0.0112334141186951,-0.187951076065167,0.122241486870185,0.282383858040686,0.128025202250334,0.172779823815875,-0.137494816976927,0.448426254835137,0.531227025288179,0.486254723672971,-0.672600031455111,0.25697973666042
"GB_GCA_000756795.1",-0.861733102123433,-5.74674702305914,0.1860951234033,0.365915727151895,-0.179654074564522,-0.699767865804454,0.0112334141186951,-0.187951076065167,0.122241486870185,0.282383858040686,0.128025202250334,0.172779823815875,-0.137494816976927,0.448426254835137,0.531227025288179,0.486254723672971,-0.672600031455111,0.25697973666042
"GB_GCA_019750455.1",-1.75937715756234,-5.38513336515348,-0.44279257157515,1.33358145729207,-0.94850112988224,-0.814592777051644,-0.3111269154143,-0.669449125476038,0.01884260048122,0.742389118040622,-0.00867128198830684,-0.384626272021175,-0.115107167922775,-0.196762042911616,0.424359964920061,0.64946675369868,-0.601422975956442,0.244764736847718
"GB_GCA_009995225.1",-0.861733102123433,-5.74674702305914,0.1860951234033,0.365915727151895,-0.179654074564522,-0.699767865804454,0.0112334141186951,-0.187951076065167,0.122241486870185,0.282383858040686,0.128025202250334,0.172779823815875,-0.137494816976927,0.448426254835137,0.531227025288179,0.486254723672971,-0.672600031455111,0.25697973666042
"RS_GCF_002155695.1",-0.861733102123433,-5.74674702305914,0.1860951234033,0.365915727151895,-0.179654074564522,-0.699767865804454,0.0112334141186951,-0.187951076065167,0.122241486870185,0.282383858040686,0.128025202250334,0.172779823815875,-0.137494816976927,0.448426254835137,0.531227025288179,0.486254723672971,-0.672600031455111,0.25697973666042
"RS_GCF_023823125.1",-0.861733102123433,-5.74674702305914,0.1860951234033,0.365915727151895,-0.179654074564522,-0.699767865804454,0.0112334141186951,-0.187951076065167,0.122241486870185,0.282383858040686,0.128025202250334,0.172779823815875,-0.137494816976927,0.448426254835137,0.531227025288179,0.486254723672971,-0.672600031455111,0.25697973666042
"GB_GCA_001555775.1",-0.918538587516192,-5.69584052123477,-0.0274041940157789,0.49912536368336,-0.505308911937532,-0.744902388200308,-0.821311552300968,-0.564529399907353,0.00331452838716432,0.388201690460788,0.31352577052867,-0.140629675181303,-0.113990567275337,0.546145450907855,0.423854292691828,0.502015447979249,-0.730279901527363,0.235263207457067
"GB_GCA_013823985.1",-0.861733102123433,-5.74674702305914,0.1860951234033,0.365915727151895,-0.179654074564522,-0.699767865804454,0.0112334141186951,-0.187951076065167,0.122241486870185,0.282383858040686,0.128025202250334,0.172779823815875,-0.137494816976927,0.448426254835137,0.531227025288179,0.486254723672971,-0.672600031455111,0.25697973666042
"GB_GCA_016707885.1",-0.024146467625779,0.484982616590151,-0.508218282431159,0.98413265201497,-0.374646344628597,-1.10009405111591,-0.447444162820954,-0.686916758557568,0.178326914430233,0.904988486173107,-0.0422094433919767,-0.146816920897777,0.00504181293605748,-0.441316377626261,0.235566796184979,0.256281800175037,-0.0725570765921972,-0.0438604172372594
"RS_GCF_001468285.1",-1.0390449854847,-5.63480097565766,-0.102622240983736,0.768497045430179,-0.402335034228886,-0.64697526075429,0.379332125083461,-0.0785861668953739,0.542667875769432,0.380121487051107,0.196594222970364,-0.285784744896582,-0.254524936970647,0.396082938530781,0.2684891706643,0.349169906334039,-0.872875355235475,0.259184721442331
"RS_GCF_024758725.1",-1.09585047087746,-5.58389447383328,-0.316121558402815,0.901706681961644,-0.727989871601896,-0.692109783150144,-0.453212841336202,-0.455164490737559,0.423740917286412,0.485939319471209,0.3820947912487,-0.59919424389376,-0.231020687269057,0.4938021346035,0.161116438067949,0.364930630640318,-0.930555225307727,0.237468192238977
"RS_GCF_000974765.1",-0.861733102123433,-5.74674702305914,0.1860951234033,0.365915727151895,-0.179654074564522,-0.699767865804454,0.0112334141186951,-0.187951076065167,0.122241486870185,0.282383858040686,0.128025202250334,0.172779823815875,-0.137494816976927,0.448426254835137,0.531227025288179,0.486254723672971,-0.672600031455111,0.25697973666042
"RS_GCF_008274695.1",-1.09585047087746,-5.58389447383328,-0.316121558402815,0.901706681961644,-0.727989871601896,-0.692109783150144,-0.453212841336202,-0.455164490737559,0.423740917286412,0.485939319471209,0.3820947912487,-0.59919424389376,-0.231020687269057,0.4938021346035,0.161116438067949,0.364930630640318,-0.930555225307727,0.237468192238977
"GB_GCA_000016765.1",-2.0100553126708,-5.19997098794325,1.36292678265618,1.24135074076898,-1.14161589554513,-0.518815057036156,-0.631630579367376,-0.132262044413186,0.682236928385887,0.366188984862836,0.464384058351571,-0.878876076259782,-0.100971739157968,1.20980895701343,0.493186047454363,0.300533284496132,-0.79232925241417,0.235247677065232
"RS_GCF_900167915.1",-1.09585047087746,-5.58389447383328,-0.316121558402815,0.901706681961644,-0.727989871601896,-0.692109783150144,-0.453212841336202,-0.455164490737559,0.423740917286412,0.485939319471209,0.3820947912487,-0.59919424389376,-0.231020687269057,0.4938021346035,0.161116438067949,0.364930630640318,-0.930555225307727,0.237468192238977
"RS_GCF_023822065.1",-0.861733102123433,-5.74674702305914,0.1860951234033,0.365915727151895,-0.179654074564522,-0.699767865804454,0.0112334141186951,-0.187951076065167,0.122241486870185,0.282383858040686,0.128025202250334,0.172779823815875,-0.137494816976927,0.448426254835137,0.531227025288179,0.486254723672971,-0.672600031455111,0.25697973666042
"RS_GCF_000218875.1",-0.861733102123433,-5.74674702305914,0.1860951234033,0.365915727151895,-0.179654074564522,-0.699767865804454,0.0112334141186951,-0.187951076065167,0.122241486870185,0.282383858040686,0.128025202250334,0.172779823815875,-0.137494816976927,0.448426254835137,0.531227025288179,0.486254723672971,-0.672600031455111,0.25697973666042
"RS_GCF_023006325.1",-2.17842242110818,-5.33947077021758,-0.391067909223792,0.921989292760046,-0.199541709220695,-1.01039700421909,0.252310617960343,-0.340161865458383,0.264486638883849,0.0169859837506331,-1.02386160622429,-0.363899489971489,-0.77306732027414,-0.219773796076827,0.498533562725359,0.508150600587197,-0.619126080405819,0.256765162650872
"GB_GCA_002796975.1",-2.82515683443707,-5.09439484814486,1.65836539224079,0.0776859338278884,-1.26587226036583,-0.319469475473809,-1.1601061582587,0.116380035480714,0.0488673259175056,1.45191916013322,0.359103523587762,0.0106041893010827,-0.547813587198353,0.403205774418448,0.575125480225781,0.247654753444702,-0.725676173607501,0.259058768728499
"RS_GCF_900167455.1",-1.72555973756598,-5.51389253025851,0.196360788447238,0.350982750453945,-0.320973499872249,-0.834751772227895,-0.696655707397205,-0.629914889391312,-0.75595161335353,1.1237747583233,0.389938611658153,-0.0768999711864606,-0.378880815988257,-0.14486469199743,-0.0389204421081432,0.403372203042704,-0.914445974286536,0.226333817540543
"GB_GCA_003574685.1",-2.35426229313216,-5.24007535074867,1.78579612049995,0.199626332482044,-1.26402814244254,-0.235977115967255,-0.367793943399786,0.288152758565179,0.676425270309983,1.00219625394425,-0.417816124753578,0.389160525587699,-0.0396916930475723,0.453955407737443,0.949199446293671,0.315284699046888,-0.47448102432034,0.274756175838286
"GB_GCA_002720855.1",-0.861733102123433,-5.74674702305914,0.1860951234033,0.365915727151895,-0.179654074564522,-0.699767865804454,0.0112334141186951,-0.187951076065167,0.122241486870185,0.282383858040686,0.128025202250334,0.172779823815875,-0.137494816976927,0.448426254835137,0.531227025288179,0.486254723672971,-0.672600031455111,0.25697973666042
"RS_GCF_900093605.1",-2.09322008363867,-5.41548369247694,-0.343744240013802,-0.0158189360475738,-0.649778494875133,-0.597417986594378,-0.0903849274488667,0.0273241575860702,0.965072728029364,0.600098915693153,-1.26122612709407,-0.0824049277062264,-0.921226663802157,-0.239687288069333,0.321192847492325,0.117041799046938,-0.888365295515889,0.269465572393743
"GB_GCA_019749915.1",-1.21799125902917,-5.6551695432277,0.471185687214131,0.301929808043625,-0.124042642675504,-0.583255728414314,-0.0831657039296646,-0.174096105986501,0.260091677362695,-0.0314377615698955,0.396020478171379,0.0262257855292834,0.239688824177533,0.223320632044084,0.880709845709618,0.0375773884417141,-0.791708262201609,0.289167148228154
"GB_GCA_008638205.1",-0.861733102123433,-5.74674702305914,0.1860951234033,0.365915727151895,-0.179654074564522,-0.699767865804454,0.0112334141186951,-0.187951076065167,0.122241486870185,0.282383858040686,0.128025202250334,0.172779823815875,-0.137494816976927,0.448426254835137,0.531227025288179,0.486254723672971,-0.672600031455111,0.25697973666042
"RS_GCF_000013165.1",-0.861733102123433,-5.74674702305914,0.1860951234033,0.365915727151895,-0.179654074564522,-0.699767865804454,0.0112334141186951,-0.187951076065167,0.122241486870185,0.282383858040686,0.128025202250334,0.172779823815875,-0.137494816976927,0.448426254835137,0.531227025288179,0.486254723672971,-0.672600031455111,0.25697973666042
"RS_GCF_000022525.1",-0.861733102123433,-5.74674702305914,0.1860951234033,0.365915727151895,-0.179654074564522,-0.699767865804454,0.0112334141186951,-0.187951076065167,0.122241486870185,0.282383858040686,0.128025202250334,0.172779823815875,-0.137494816976927,0.448426254835137,0.531227025288179,0.486254723672971,-0.672600031455111,0.25697973666042
"RS_GCF_000013145.1",-0.861733102123433,-5.74674702305914,0.1860951234033,0.365915727151895,-0.179654074564522,-0.699767865804454,0.0112334141186951,-0.187951076065167,0.122241486870185,0.282383858040686,0.128025202250334,0.172779823815875,-0.137494816976927,0.448426254835137,0.531227025288179,0.486254723672971,-0.672600031455111,0.25697973666042
"RS_GCF_012277295.1",-0.861733102123433,-5.74674702305914,0.1860951234033,0.365915727151895,-0.179654074564522,-0.699767865804454,0.0112334141186951,-0.187951076065167,0.122241486870185,0.282383858040686,0.128025202250334,0.172779823815875,-0.137494816976927,0.448426254835137,0.531227025288179,0.486254723672971,-0.672600031455111,0.25697973666042
"RS_GCF_003932735.1",-0.861733102123433,-5.74674702305914,0.1860951234033,0.365915727151895,-0.179654074564522,-0.699767865804454,0.0112334141186951,-0.187951076065167,0.122241486870185,0.282383858040686,0.128025202250334,0.172779823815875,-0.137494816976927,0.448426254835137,0.531227025288179,0.486254723672971,-0.672600031455111,0.25697973666042
"GB_GCA_020410785.1",-0.861733102123433,-5.74674702305914,0.1860951234033,0.365915727151895,-0.179654074564522,-0.699767865804454,0.0112334141186951,-0.187951076065167,0.122241486870185,0.282383858040686,0.128025202250334,0.172779823815875,-0.137494816976927,0.448426254835137,0.531227025288179,0.486254723672971,-0.672600031455111,0.25697973666042
"GB_GCA_015231965.1",-2.54771772362723,-5.44775083741228,-0.437171959329309,-1.37959691918474,0.711649942211228,-0.713391210925553,-0.515068024591949,0.439730862771774,0.80002540173949,0.755120531637732,-0.0411005002716376,-0.213488286049047,-0.733614616334378,0.484348008524325,0.251565774496342,1.08721619220389,-0.467658809241418,0.256035816663626
"GB_GCA_021773795.1",-1.5351534333904,-5.50783984919586,0.608367654474179,0.782906890413378,-0.859524712883015,-0.790683182231949,-0.877447121894261,-0.779212503728904,0.0373480320413292,0.429069526777604,-0.0425002184346045,0.327547907444189,0.0212752188472414,-0.0247515286471271,-0.205436711491204,0.863100664075451,-0.718356467461986,0.195122220908741
"GB_GCA_001464585.1",-1.31953322261403,-5.48306779199119,0.181953896784042,1.07848078673546,-0.94273036516294,-0.686399030264898,-0.593771504272507,-0.399656504317431,0.708409576771814,0.13513916169438,0.541075041218947,-0.259893202552549,-0.36249079628593,0.465446468562089,-0.272101064786651,0.7412684217646,-0.927980997698085,0.212275717700742
"RS_GCF_003932755.1",-2.1605935892825,-5.07926780526862,-0.0721720621501678,0.556752297890607,-0.480987973281054,3.00538134224817,0.922720476144745,-1.49865286596855,-0.384849622445758,-0.211943698316225,-0.250667987023674,-0.354744270437992,0.207946639070246,0.183493479415177,0.189716054157131,0.360775848464487,-1.11625076154974,0.235979704623204
"GB_GCA_018830325.1",-2.1605935892825,-5.07926780526862,-0.0721720621501678,0.556752297890607,-0.480987973281054,3.00538134224817,0.922720476144745,-1.49865286596855,-0.384849622445758,-0.211943698316225,-0.250667987023674,-0.354744270437992,0.207946639070246,0.183493479415177,0.189716054157131,0.360775848464487,-1.11625076154974,0.235979704623204
"RS_GCF_000427625.1",-2.82805163625056,-4.95628241156071,-0.616188659128604,0.0909227267050105,-0.131181360066229,2.88393249076511,0.0777814653290269,-1.82845626645464,0.0095983117588144,0.194396299383653,0.117101909800596,-1.06377831791673,1.10039485523772,0.558832171655338,-0.179393873915977,1.27776424346917,-0.750634983457238,0.182070770367986
"GB_GCA_002162695.1",-1.2587768410573,-5.53259320582626,-0.103176678699151,0.280382039907008,-0.713655254351987,-0.50076917047983,0.9830696594828,-1.3108940313138,0.67775479610646,0.305250338568731,0.449143064717203,-0.160670262986582,-0.548661890463638,0.72197382509471,0.42345342237169,0.357325765201118,-0.855295803576567,0.261173892908047
"RS_GCF_900106925.1",-4.37757214019942,-4.64443232486834,-1.44970255930621,-0.15006931155988,0.641891964685363,2.62445207421733,-0.145256510769286,0.549706281043671,-0.151767198714103,0.17066722387058,-0.56876985161121,-0.0126755464380633,0.0892547229143972,0.476585661399992,0.022623849950575,0.819851624150147,-0.857051937794324,0.23323488170638
"GB_GCA_903897335.1",-1.33758385106203,-5.65017792629886,0.024320468335579,0.0875331991513326,0.243650508724013,-0.940706615367751,-0.257874018926325,-0.235242139889697,0.248958566789794,-0.337201443829201,-0.701664553707315,-0.119902893131616,-0.771950719626702,0.523133697742644,0.498027890497126,0.360699294867767,-0.74798300597674,0.247263633260221
"RS_GCF_016584085.1",-3.08409056207632,-4.73923242052574,-1.88141899951686,0.127702112391278,-1.84134313175752,2.26131628134852,-0.53028195846938,0.441779444161537,-1.195624771913,-0.735790317441457,-1.47517704711733,-0.175423235890873,-0.221357354255531,0.724107125677657,-0.216047519174448,0.623335645301698,-0.983164730400644,0.191020129266088
"RS_GCF_016653295.1",-2.36327363481996,-5.16197005947083,-0.720215924589682,0.653598054231959,0.4219980098694,2.29882337431944,-0.219424930598957,-0.30439305636946,-1.1068474520816,-0.570352565471961,-1.69013836738448,0.600337022890113,-0.0584125257454979,0.940843153715264,-0.276976028026745,0.379308181297769,-1.13777562289833,0.1678252453345
"RS_GCF_022227845.1",-2.11748681298275,-5.35870268125796,0.269532176069327,-0.64305867259199,-0.942910023914711,-1.19184732417522,0.113109064204234,0.0425087210998256,-0.646162915994167,-0.941024823640217,-0.99889959597426,-0.594244004647147,0.25235395356366,-0.19066592637236,0.341182964534604,0.0536523470123862,-0.815502814598225,0.250018438190362
"RS_GCF_000385215.1",-1.5351534333904,-5.50783984919586,0.608367654474179,0.782906890413378,-0.859524712883015,-0.790683182231949,-0.877447121894261,-0.779212503728904,0.0373480320413292,0.429069526777604,-0.0425002184346045,0.327547907444189,0.0212752188472414,-0.0247515286471271,-0.205436711491204,0.863100664075451,-0.718356467461986,0.195122220908741
"GB_GCA_021604725.1",-2.40696816981986,-5.46034246492373,0.0613210636924283,-0.803042853150626,-0.119329236022452,-0.369074033778305,-0.296169367813027,0.0258802056755717,1.06915434239061,1.10864713422181,-0.04984078738947,0.126663771185572,1.07638696646168,-0.209537541296094,0.70487546185194,0.832232380658222,-0.308519579795643,0.276971697527901
"GB_GCA_021772985.1",-2.10913205773381,-5.43135746767771,0.425244545422551,0.0128743416318409,0.0110234769782767,-0.698993827012123,-1.06866337768169,-0.44839152005246,0.93920827105267,0.0241020783531541,0.922770624965897,-0.343507220608241,1.00066693132813,0.570303658242834,0.0783824147819109,1.33090357457068,-0.423518256499468,0.210065739434702
"RS_GCF_007830115.1",-2.2825125808119,-5.24363570530433,0.553872764841617,1.31316000642615,-0.781975354181257,-0.647235364380405,0.286460270020698,-0.223507845135059,0.560288408942153,-0.0280504917668899,0.232803675624649,0.121530230030621,0.107102114513222,-0.547942527816798,0.447998015083251,0.561366485285427,-0.660277109021046,0.27347620308057
"RS_GCF_009765165.1",-2.43408741589328,-5.33682067418574,0.975982387598558,-0.282379575845372,-0.685720460721608,-0.325406788916557,-0.384101234792527,0.23941886949732,0.331817123278963,0.801229884934077,0.518289214097847,0.796442523718902,-0.455653252873445,-0.66398153289666,0.266693921002558,0.223951831175635,-0.922756279565661,0.289990750135097
"RS_GCF_010093135.1",-1.83460610490339,-5.46716887118879,1.10695753570409,0.585711334773643,-0.478258443620988,-0.629036522445956,-0.139301273522957,-0.388779209808053,0.29412518101686,0.00943007474691989,0.0399944892081046,0.494403368154775,0.374954610300111,-0.347576347510899,0.251418841526586,0.398662604537916,-0.779784828136232,0.249026161679828
"RS_GCF_013185915.1",-1.30963957803195,-5.52321385717468,-0.366989647459172,1.0933643988044,-0.48337098512479,-0.717966707738902,0.43699495766235,-0.0226797113921742,0.388404714795477,0.244903291526876,0.320834388666879,-0.200093314308279,-0.405347312763816,0.248060074529238,0.727806198844845,0.648958604420482,-0.553092312339925,0.281429778061163
"RS_GCF_013464915.1",-1.70257167216958,-5.43603986697786,-0.229293254156071,1.20037182076061,-0.62284629250923,-0.76945825465579,0.521418051005363,-0.292870801633853,0.13776955896424,0.63657128562052,-0.194171850266643,-0.071216773023998,-0.138611417624365,-0.294481238984334,0.531732697516412,0.633706029392401,-0.54374310588419,0.266481266051072
"GB_GCA_905142475.1",-1.0390449854847,-5.63480097565766,-0.102622240983736,0.768497045430179,-0.402335034228886,-0.64697526075429,0.379332125083461,-0.0785861668953739,0.542667875769432,0.380121487051107,0.196594222970364,-0.285784744896582,-0.254524936970647,0.396082938530781,0.2684891706643,0.349169906334039,-0.872875355235475,0.259184721442331
"RS_GCF_014206815.1",-0.861733102123433,-5.74674702305914,0.1860951234033,0.365915727151895,-0.179654074564522,-0.699767865804454,0.0112334141186951,-0.187951076065167,0.122241486870185,0.282383858040686,0.128025202250334,0.172779823815875,-0.137494816976927,0.448426254835137,0.531227025288179,0.486254723672971,-0.672600031455111,0.25697973666042
"RS_GCF_024266585.1",-0.861733102123433,-5.74674702305914,0.1860951234033,0.365915727151895,-0.179654074564522,-0.699767865804454,0.0112334141186951,-0.187951076065167,0.122241486870185,0.282383858040686,0.128025202250334,0.172779823815875,-0.137494816976927,0.448426254835137,0.531227025288179,0.486254723672971,-0.672600031455111,0.25697973666042
"RS_GCF_014851805.1",-2.01999835998113,-5.43159467496517,0.889913798438642,-0.0272295406597523,-1.00953118017133,-0.287048951805857,-0.424333986353278,0.0346132687396003,0.84044810918842,0.457324811165209,-0.0731298659651573,0.86158936100834,0.0759728909789261,-0.515512703504947,0.533395154474096,0.307342501084099,-0.729241000350753,0.28397162804153
"GB_GCA_017305135.1",-1.47834794799764,-5.55874635102023,0.821866971893257,0.649697253881913,-0.533869875510005,-0.745548659836095,-0.0449021554745973,-0.402634179886719,0.15627499052435,0.323251694357502,-0.228000786712941,0.640957406441367,-0.0022290308543487,-0.122470724719846,-0.0980639788948529,0.847339939769173,-0.660676597389734,0.216838750112095
"GB_GCA_021794575.1",-1.89141159029615,-5.41626236936441,0.893458218285009,0.718920971305108,-0.803913280993998,-0.674171044841811,-0.97184623994262,-0.765357533650238,0.17519822253384,0.115247907167022,0.225495057486441,0.180993869157598,0.398458860001701,-0.24985715143818,0.144046108930234,0.414423328844194,-0.837464698208484,0.227309632476475
"RS_GCF_009765755.1",-0.861733102123433,-5.74674702305914,0.1860951234033,0.365915727151895,-0.179654074564522,-0.699767865804454,0.0112334141186951,-0.187951076065167,0.122241486870185,0.282383858040686,0.128025202250334,0.172779823815875,-0.137494816976927,0.448426254835137,0.531227025288179,0.486254723672971,-0.672600031455111,0.25697973666042
"RS_GCF_014842975.1",-1.78823523652808,-5.4560495056294,0.320164716130196,0.811518548278114,-0.486198909724308,-0.581954670281039,0.369356100378114,-0.334922287058387,0.429882910430706,0.457967861534169,-0.0504167400421127,-0.303462241898893,0.389394599323264,-0.371563997773844,0.421898489757306,-0.114760003925298,-0.982634379526237,0.276423620999974
"GB_GCA_018889975.1",-0.861733102123433,-5.74674702305914,0.1860951234033,0.365915727151895,-0.179654074564522,-0.699767865804454,0.0112334141186951,-0.187951076065167,0.122241486870185,0.282383858040686,0.128025202250334,0.172779823815875,-0.137494816976927,0.448426254835137,0.531227025288179,0.486254723672971,-0.672600031455111,0.25697973666042
"GB_GCA_023417315.1",-2.8079628049177,-5.24756973568016,0.270679154492249,-0.223687430098531,-0.55675068924786,-0.310570675842895,-0.0686293197845667,0.190753101265493,1.77424939077526,0.855584605455406,0.177708483300807,0.0074002438143257,0.827886737451086,-0.29023652364186,0.00892010437346057,1.07148535444357,-0.506220675966365,0.253984207771577
"RS_GCF_900110585.1",-2.71535909893942,-5.16210432229137,-1.09501767230628,1.28090760728027,-0.523904894630234,-1.2056399122656,-0.575835194842257,-0.58427730104691,-0.00979172942583819,0.0930251118023499,-0.859028523961196,0.0904508962178819,-0.41544976507077,0.60902957885699,0.199377100241135,0.0903927928288515,-0.924751840172992,0.212991845374375
"RS_GCF_000374645.1",-3.62050812439402,-5.00024304655725,-0.892601143827173,0.641114973269879,0.107674124007806,-0.962861191510067,-0.373288172680901,-0.271550743029895,0.00608528792519989,1.0432160331103,1.01234491652644,-0.224191810892216,0.933507601346975,0.43836717993416,0.0536206265053313,0.58510788719274,-0.738696727448018,0.22872207738401
"RS_GCF_000711195.1",-1.31147068165383,-5.60866653103794,0.110292199287322,0.606132785639565,-0.644784219321971,-0.796393935117196,-0.736888458957956,-0.834720490149031,-0.247320627444073,0.779869684554432,-0.201480468404852,-0.0117531338970215,0.152745327864114,0.00360413739428318,0.227780791363395,0.486762872951169,-0.720930695071628,0.220314695446976
"GB_GCA_021773175.1",-0.918538587516192,-5.69584052123477,-0.0274041940157789,0.49912536368336,-0.505308911937532,-0.744902388200308,-0.821311552300968,-0.564529399907353,0.00331452838716432,0.388201690460788,0.31352577052867,-0.140629675181303,-0.113990567275337,0.546145450907855,0.423854292691828,0.502015447979249,-0.730279901527363,0.235263207457067
"RS_GCF_000373765.1",-0.918538587516192,-5.69584052123477,-0.0274041940157789,0.49912536368336,-0.505308911937532,-0.744902388200308,-0.821311552300968,-0.564529399907353,0.00331452838716432,0.388201690460788,0.31352577052867,-0.140629675181303,-0.113990567275337,0.546145450907855,0.423854292691828,0.502015447979249,-0.730279901527363,0.235263207457067
"RS_GCF_000423305.1",-1.27479674442193,-5.60426304140332,0.257686369795052,0.43513944457509,-0.449697480048514,-0.628390250810169,-0.915710670349328,-0.550674429828687,0.141164718879675,0.0743800708502066,0.581521046449715,-0.287183713467894,0.263193073879123,0.321039828116802,0.773337113113267,0.0533381127479923,-0.849388132273861,0.2674506190248
"RS_GCF_900156395.1",-1.27479674442193,-5.60426304140332,0.257686369795052,0.43513944457509,-0.449697480048514,-0.628390250810169,-0.915710670349328,-0.550674429828687,0.141164718879675,0.0743800708502066,0.581521046449715,-0.287183713467894,0.263193073879123,0.321039828116802,0.773337113113267,0.0533381127479923,-0.849388132273861,0.2674506190248
"RS_GCF_016864235.1",-1.21799125902917,-5.6551695432277,0.471185687214131,0.301929808043625,-0.124042642675504,-0.583255728414314,-0.0831657039296646,-0.174096105986501,0.260091677362695,-0.0314377615698955,0.396020478171379,0.0262257855292834,0.239688824177533,0.223320632044084,0.880709845709618,0.0375773884417141,-0.791708262201609,0.289167148228154
"RS_GCF_900639865.1",-0.918538587516192,-5.69584052123477,-0.0274041940157789,0.49912536368336,-0.505308911937532,-0.744902388200308,-0.821311552300968,-0.564529399907353,0.00331452838716432,0.388201690460788,0.31352577052867,-0.140629675181303,-0.113990567275337,0.546145450907855,0.423854292691828,0.502015447979249,-0.730279901527363,0.235263207457067
"RS_GCF_001720395.1",0.816692102420372,0.17427546050887,-0.0928299048717877,0.149676558406257,0.0685458733161109,-1.03040366226458,-0.957628799707622,-0.581997032988882,0.162798842336177,0.550801058593273,0.279987609125,0.0971796759420954,0.00615841358349549,0.30159111619321,0.235061123956747,0.108830494455606,-0.201414002163118,-0.0533619466279108
"RS_GCF_002237365.1",-3.36806783265838,-4.94530040902665,-0.0172391775863846,-0.00899494857003712,-1.54408482591861,-0.32165100163845,-0.240410802231021,-1.12763952133984,0.613052064205552,0.900135493513839,1.00424015882781,0.917342823105814,-0.509202771156787,0.43836941229673,-0.140236144398155,-0.322734935054564,-1.41107781145429,0.250411589106225
"RS_GCF_000381965.1",-2.07285294920991,-5.37930708515148,0.177784588117292,-0.55890901442527,-1.4317657441064,-0.191688136812498,-0.512582755437296,-1.62978090594114,0.571939411557026,0.839071652879765,0.205939294089771,0.333993302579952,-0.0631897037956021,-0.0635469548268902,1.01420417643974,-0.0450787068668261,-0.77191554637374,0.289436744842127
"RS_GCF_004295345.1",-1.70488753097018,-5.34842251240021,-0.573044151745344,-0.377840146106804,-2.50143457267998,-0.71777505870765,-0.272863352987604,0.232123878720951,-0.062907827818499,0.643832295689064,-0.296259882112553,-0.559795324269134,0.11711862544566,-0.162828222714499,-0.0632349953685014,0.415240914562377,-0.828422975397235,0.242981051963087
"RS_GCF_023349125.1",-1.52757564760891,-5.46036855980169,-0.284326787358308,-0.780421464385088,-2.27875361301562,-0.770567663757813,-0.64096206395237,0.122758969551157,-0.483334216717746,0.546094666678644,-0.364828902832583,-0.101230755556677,0.23414874543938,-0.110484906410143,0.199502859255378,0.552325731901309,-0.628147651616871,0.240776067181176
"RS_GCF_009183365.2",-2.10356566008726,-5.26658331013885,0.000209338737108013,-1.33252238901653,-2.5344624012497,-0.507849436093215,-0.13162364760139,-1.0956939247886,-0.210397105888208,0.157401898585687,0.155715214835302,-0.122670311933268,0.317195433100849,-0.00969964263726796,0.703949931384207,0.111804255537131,-0.729676330704462,0.274952650214626
"RS_GCF_019655055.1",-1.92461938654278,-5.24621474256881,-0.573598589460759,-0.865955151629975,-2.81275479280308,-0.57156896843319,0.330874181411735,-1.00018398569747,0.072179092518529,0.568961147206689,-0.0437110403657138,-0.434680842359134,-0.177018328047331,0.16306266384943,0.0917292563388891,0.423396773429456,-0.810843423738328,0.244970223428803
"RS_GCF_000018285.1",-1.92461938654278,-5.24621474256881,-0.573598589460759,-0.865955151629975,-2.81275479280308,-0.57156896843319,0.330874181411735,-1.00018398569747,0.072179092518529,0.568961147206689,-0.0437110403657138,-0.434680842359134,-0.177018328047331,0.16306266384943,0.0917292563388891,0.423396773429456,-0.810843423738328,0.244970223428803
"RS_GCF_022398325.1",-2.10356566008726,-5.26658331013885,0.000209338737108013,-1.33252238901653,-2.5344624012497,-0.507849436093215,-0.13162364760139,-1.0956939247886,-0.210397105888208,0.157401898585687,0.155715214835302,-0.122670311933268,0.317195433100849,-0.00969964263726796,0.703949931384207,0.111804255537131,-0.729676330704462,0.274952650214626
"RS_GCF_023349185.1",-3.39450010003585,-4.86246748335556,0.133861363629124,-1.28669952915062,-2.22476855173685,-0.728642664831803,-0.132958281057198,-0.773306492265489,0.112784036506593,-0.371340858281741,0.144993809630934,-0.599763393541444,-1.09738684241189,-0.16416001146724,-0.291905794356864,0.142111130608813,-1.19627568061172,0.248268179151668
"RS_GCF_003605125.1",-1.52757564760891,-5.46036855980169,-0.284326787358308,-0.780421464385088,-2.27875361301562,-0.770567663757813,-0.64096206395237,0.122758969551157,-0.483334216717746,0.546094666678644,-0.364828902832583,-0.101230755556677,0.23414874543938,-0.110484906410143,0.199502859255378,0.552325731901309,-0.628147651616871,0.240776067181176
"RS_GCF_000425405.1",-2.43350404063034,-4.88006333220799,-0.680290366214876,-0.696592315602581,-2.44061220434771,2.98607309121169,0.186101904730667,-0.917751730110548,-0.739790170202453,-0.339900883771911,-0.228515853173069,-0.757631391094825,0.312854306347102,0.167123631683469,0.0540653894527625,0.442099431720906,-1.08114758816723,0.23472454715405
"RS_GCF_007954355.1",-2.60744840309057,-5.22349353879494,0.18863513030925,-0.544687367864072,-1.00498114694803,-0.13211884647718,0.728293673507884,-0.939032072171437,0.602661773029837,1.17489652323895,0.680426826594469,0.123691395575234,-0.735350217343284,-0.362078296595677,0.592137820940668,-0.2813149184205,-1.10802627929676,0.319377380920958
"GB_GCA_002415085.1",-2.7586928770864,-5.11579467121319,-0.435207573724068,0.873979574117926,-0.877263428779842,-0.656848412641853,1.03515562097341,-1.37886080771995,0.255355259967112,0.218099813159178,0.305704781386001,0.675103555785959,0.278548575538884,0.53738820364964,0.844396039757368,-0.240333979036401,-0.893217674666702,0.278601061011376
"RS_GCF_000280055.1",-2.40243472018066,-5.20737215104464,-0.720298137534899,0.937965493226196,-0.93287486066886,-0.773360550031992,1.12955473902177,-1.39271577779862,0.117505069474601,0.531921432769759,0.0377095054649562,0.82165759407255,-0.0986350656155762,0.762493826440693,0.494913219335929,0.208343356194856,-0.774109443920204,0.246413649443643
"RS_GCF_000217935.1",-0.861733102123433,-5.74674702305914,0.1860951234033,0.365915727151895,-0.179654074564522,-0.699767865804454,0.0112334141186951,-0.187951076065167,0.122241486870185,0.282383858040686,0.128025202250334,0.172779823815875,-0.137494816976927,0.448426254835137,0.531227025288179,0.486254723672971,-0.672600031455111,0.25697973666042
"GB_GCA_018825965.1",-1.47439705183367,-5.55736526303092,0.323237078990986,-0.0151918564150701,-0.630449602072062,-0.605053322446882,0.699394041861047,-1.69045003072527,0.00669325137597571,0.599180703651955,-0.134432194936348,0.426770847010156,-0.164895875330467,0.231775827885493,0.490117775667137,0.479158007511969,-0.645671273340468,0.244020396116046
"RS_GCF_002276045.1",-1.89390667566543,-5.35893851758145,-0.396023340080575,-0.0923417770387167,-1.71005813565978,-0.255407669152474,-0.0500849264241706,-1.53427096685001,0.854515609963763,1.25063090150077,0.00651303888875544,0.0219827721540868,-0.557403464943782,0.109215351659807,0.401983501394417,0.266513811025499,-0.853082639407605,0.259454318056304
"RS_GCF_018100985.1",-1.65170893519494,-5.44541921562944,0.0345197146039498,0.387389461863214,-0.853130561736426,-0.552260717396719,1.06749275282581,-1.58108512155548,0.427119640275223,0.696918332662375,-0.0658631742163186,-0.0317937217023011,-0.281925995324187,0.179432511581137,0.227379921043258,0.342073190173038,-0.845946597120832,0.246225380897956
"RS_GCF_017742995.1",-1.47439705183367,-5.55736526303092,0.323237078990986,-0.0151918564150701,-0.630449602072062,-0.605053322446882,0.699394041861047,-1.69045003072527,0.00669325137597571,0.599180703651955,-0.134432194936348,0.426770847010156,-0.164895875330467,0.231775827885493,0.490117775667137,0.479158007511969,-0.645671273340468,0.244020396116046
"RS_GCF_001750165.1",-1.47439705183367,-5.55736526303092,0.323237078990986,-0.0151918564150701,-0.630449602072062,-0.605053322446882,0.699394041861047,-1.69045003072527,0.00669325137597571,0.599180703651955,-0.134432194936348,0.426770847010156,-0.164895875330467,0.231775827885493,0.490117775667137,0.479158007511969,-0.645671273340468,0.244020396116046
"RS_GCF_003987435.1",-2.18270286460806,-5.30957992087603,-0.719743699819484,1.42608049874937,-0.621554640545759,-0.919566640306452,0.525817204622427,-0.160407913380195,-0.0175818508624266,0.606792581252135,-0.214839336281883,0.69654311216255,0.195501887877415,0.436602939876765,0.339948967628539,0.200187497327777,-0.791688995579111,0.244424477977927
"RS_GCF_003987065.1",-1.86531775783638,-5.58749414097879,-0.00672576285295652,-0.126116058608962,0.356332068638873,-0.827573741808542,0.0832624630656528,-0.411367242950747,0.384981223726541,0.974574017414106,-0.204711708137253,-0.0939681833814017,0.998185044628405,0.183504437489007,0.0734163284829902,1.3722298193433,-0.239955176834624,0.209838819598466
"RS_GCF_003987045.1",-3.20192719988253,-5.11551576154766,0.0719360553468241,-0.142524563946367,-0.438480398565793,-0.754387669305214,-0.376103596322272,-1.8184275864589,0.668308625731794,0.311120219596037,0.639645741763974,0.678243687772588,1.30737917847637,1.08473741015429,-0.154510564727004,0.890288326345054,-0.644535388079746,0.175049610817182
"RS_GCF_003986955.1",-1.31147068165383,-5.60866653103794,0.110292199287322,0.606132785639565,-0.644784219321971,-0.796393935117196,-0.736888458957956,-0.834720490149031,-0.247320627444073,0.779869684554432,-0.201480468404852,-0.0117531338970215,0.152745327864114,0.00360413739428318,0.227780791363395,0.486762872951169,-0.720930695071628,0.220314695446976
"RS_GCF_003443615.1",-0.861733102123433,-5.74674702305914,0.1860951234033,0.365915727151895,-0.179654074564522,-0.699767865804454,0.0112334141186951,-0.187951076065167,0.122241486870185,0.282383858040686,0.128025202250334,0.172779823815875,-0.137494816976927,0.448426254835137,0.531227025288179,0.486254723672971,-0.672600031455111,0.25697973666042
"RS_GCF_019249245.1",-0.861733102123433,-5.74674702305914,0.1860951234033,0.365915727151895,-0.179654074564522,-0.699767865804454,0.0112334141186951,-0.187951076065167,0.122241486870185,0.282383858040686,0.128025202250334,0.172779823815875,-0.137494816976927,0.448426254835137,0.531227025288179,0.486254723672971,-0.672600031455111,0.25697973666042
"RS_GCF_002836415.1",-2.8879366402199,-5.07176035512848,0.473211268077028,-0.234703626558794,-1.54537647788208,-0.171542615987788,-0.244809955848085,-1.26010240959349,0.768403474032218,0.929914197882224,1.02490764484305,0.149582937919267,-0.843316076658567,-0.292714766564369,0.0515475854897176,0.11078359701006,-1.16313192175937,0.272468377179369
"RS_GCF_013377235.1",0.657392621858048,0.271666929920747,-0.273949574098338,-1.37008732814986,-1.23976868300452,-0.959442868509339,-0.029157438282373,0.752060750553491,0.0457122115455238,0.211208208297382,-0.0688613935810668,0.321111553279617,0.0640575814571713,0.0897828763160655,0.314155924445081,0.158632629099469,-0.0509510886361101,-0.0111840456903572
"RS_GCF_001815355.1",-0.315480380921906,0.551245081791101,0.64691283820245,-1.15029172052811,-1.53837305206099,-0.888711525150841,-0.179692125924025,0.551232616810606,0.217595905692199,-0.0617455749963838,-0.156892106623296,0.642735097618518,0.57650700873421,-0.70621972602997,0.0343477406834872,0.0710405099644135,-0.158135885317231,-0.0191376206709495
"RS_GCF_000191405.1",-0.315480380921906,0.551245081791101,0.64691283820245,-1.15029172052811,-1.53837305206099,-0.888711525150841,-0.179692125924025,0.551232616810606,0.217595905692199,-0.0617455749963838,-0.156892106623296,0.642735097618518,0.57650700873421,-0.70621972602997,0.0343477406834872,0.0710405099644135,-0.158135885317231,-0.0191376206709495
"RS_GCF_014884965.1",0.631299847342634,0.209849656732489,-0.309873642137234,-0.463264317027138,-0.462726863234232,-0.688416091624477,-1.24266151253794,-0.158604554441229,0.709121770507737,0.998695795011562,0.166863253951738,0.464365668795661,-0.29282330573769,0.133654760199162,0.517037436904258,0.0175103910017898,-0.15087017437764,-0.0184164802662088
"RS_GCF_001012815.1",-1.92461938654278,-5.24621474256881,-0.573598589460759,-0.865955151629975,-2.81275479280308,-0.57156896843319,0.330874181411735,-1.00018398569747,0.072179092518529,0.568961147206689,-0.0437110403657138,-0.434680842359134,-0.177018328047331,0.16306266384943,0.0917292563388891,0.423396773429456,-0.810843423738328,0.244970223428803
"RS_GCF_000400365.1",-1.74730750318151,-5.35816078997029,-0.284881225073723,-1.26853646990826,-2.59007383313872,-0.624361573483354,-0.0372245295530304,-1.10954889486727,-0.348247296380718,0.471223518196269,-0.112280061085744,0.0238837263533233,-0.059988208053611,0.215405980153785,0.354467110962769,0.560481590768388,-0.610568099957964,0.242765238646892
"RS_GCF_000176235.1",-2.10459107370091,-5.31429329101524,0.0146866815052718,-1.65689614162534,-1.94060827631598,-0.617584888198199,0.835553188427384,-0.528164970267361,-0.737951323807155,0.709310759545034,0.293638450698925,0.272146388061062,-0.615118601607572,-0.0307820453106462,0.195138610087581,0.461330196553645,-0.74640350910062,0.270500889943812
"RS_GCF_001639065.2",-2.28190295706217,-5.20234724361375,-0.274030682881764,-1.25431482334706,-2.16328923598035,-0.564792283148036,1.20365189939215,-0.418800061097568,-0.317524934907907,0.807048388555454,0.362207471418955,-0.186418180651396,-0.732148721601293,-0.0831253616150019,-0.0675992445362984,0.324245379214713,-0.946678832880984,0.272705874725722
"RS_GCF_000496695.1",-1.92461938654278,-5.24621474256881,-0.573598589460759,-0.865955151629975,-2.81275479280308,-0.57156896843319,0.330874181411735,-1.00018398569747,0.072179092518529,0.568961147206689,-0.0437110403657138,-0.434680842359134,-0.177018328047331,0.16306266384943,0.0917292563388891,0.423396773429456,-0.810843423738328,0.244970223428803
"RS_GCF_019977755.1",-1.49686293673157,-5.57309233481433,-0.106751537978124,-0.00680808979382984,-1.17605695587231,-0.454406364477097,-1.02192117178828,-0.411328011601378,0.299002300727488,1.22776442097272,-0.314604823578114,0.355432858956544,-0.146236391457071,-0.164332218599765,0.509757104310906,0.395442769497352,-0.670386867286149,0.255260161808678
"RS_GCF_020524005.1",-1.04712535720117,-5.71117282683552,-0.030948613862146,-0.2470251482815,-0.710926811114864,-0.357780295164355,-0.273799298711625,0.235441402482485,0.668564415041745,0.730278594458976,0.0149008470770723,0.53996581666944,-0.436476536298112,0.280489898841088,0.81320333823569,0.394934620219154,-0.622056203669632,0.291925203022123
"RS_GCF_002959965.1",-1.0390449854847,-5.63480097565766,-0.102622240983736,0.768497045430179,-0.402335034228886,-0.64697526075429,0.379332125083461,-0.0785861668953739,0.542667875769432,0.380121487051107,0.196594222970364,-0.285784744896582,-0.254524936970647,0.396082938530781,0.2684891706643,0.349169906334039,-0.872875355235475,0.259184721442331
"RS_GCF_001292705.1",-1.0390449854847,-5.63480097565766,-0.102622240983736,0.768497045430179,-0.402335034228886,-0.64697526075429,0.379332125083461,-0.0785861668953739,0.542667875769432,0.380121487051107,0.196594222970364,-0.285784744896582,-0.254524936970647,0.396082938530781,0.2684891706643,0.349169906334039,-0.872875355235475,0.259184721442331
"GB_GCA_945882995.1",-0.861733102123433,-5.74674702305914,0.1860951234033,0.365915727151895,-0.179654074564522,-0.699767865804454,0.0112334141186951,-0.187951076065167,0.122241486870185,0.282383858040686,0.128025202250334,0.172779823815875,-0.137494816976927,0.448426254835137,0.531227025288179,0.486254723672971,-0.672600031455111,0.25697973666042
"GB_GCA_003265435.1",-1.2812427259552,-5.54832027760966,-0.533165295668261,0.288765806528249,-1.25926260815224,-0.350122212510046,-0.738245554166523,-0.031772012189906,0.970063845457972,0.933834055889498,0.268970436075438,-0.232008251040194,-0.530002406590242,0.325865778609451,0.44309275101546,0.273610527186501,-0.880011397522248,0.27241365860068
"RS_GCF_024204685.1",-1.0390449854847,-5.63480097565766,-0.102622240983736,0.768497045430179,-0.402335034228886,-0.64697526075429,0.379332125083461,-0.0785861668953739,0.542667875769432,0.380121487051107,0.196594222970364,-0.285784744896582,-0.254524936970647,0.396082938530781,0.2684891706643,0.349169906334039,-0.872875355235475,0.259184721442331
"RS_GCF_014652535.1",-1.65170893519494,-5.44541921562944,0.0345197146039498,0.387389461863214,-0.853130561736426,-0.552260717396719,1.06749275282581,-1.58108512155548,0.427119640275223,0.696918332662375,-0.0658631742163186,-0.0317937217023011,-0.281925995324187,0.179432511581137,0.227379921043258,0.342073190173038,-0.845946597120832,0.246225380897956
"RS_GCF_000766945.1",-1.0390449854847,-5.63480097565766,-0.102622240983736,0.768497045430179,-0.402335034228886,-0.64697526075429,0.379332125083461,-0.0785861668953739,0.542667875769432,0.380121487051107,0.196594222970364,-0.285784744896582,-0.254524936970647,0.396082938530781,0.2684891706643,0.349169906334039,-0.872875355235475,0.259184721442331
"RS_GCF_001183545.1",-1.67417482009283,-5.46114628741284,-0.39546890236516,0.395773228484454,-1.39873791553668,-0.401613759426934,-0.65382246082351,-0.301963102431585,0.719428689626735,1.32550204998314,-0.246035802858084,-0.103131709755913,-0.263266511450791,-0.216675534904121,0.247019249687027,0.258357952158421,-0.870662191066513,0.257465146590589
"RS_GCF_019312595.1",-1.09585047087746,-5.58389447383328,-0.316121558402815,0.901706681961644,-0.727989871601896,-0.692109783150144,-0.453212841336202,-0.455164490737559,0.423740917286412,0.485939319471209,0.3820947912487,-0.59919424389376,-0.231020687269057,0.4938021346035,0.161116438067949,0.364930630640318,-0.930555225307727,0.237468192238977
"GB_GCA_000169075.1",-0.861733102123433,-5.74674702305914,0.1860951234033,0.365915727151895,-0.179654074564522,-0.699767865804454,0.0112334141186951,-0.187951076065167,0.122241486870185,0.282383858040686,0.128025202250334,0.172779823815875,-0.137494816976927,0.448426254835137,0.531227025288179,0.486254723672971,-0.672600031455111,0.25697973666042
"RS_GCF_002903165.1",-1.0390449854847,-5.63480097565766,-0.102622240983736,0.768497045430179,-0.402335034228886,-0.64697526075429,0.379332125083461,-0.0785861668953739,0.542667875769432,0.380121487051107,0.196594222970364,-0.285784744896582,-0.254524936970647,0.396082938530781,0.2684891706643,0.349169906334039,-0.872875355235475,0.259184721442331
"RS_GCF_004801855.1",-1.65170893519494,-5.44541921562944,0.0345197146039498,0.387389461863214,-0.853130561736426,-0.552260717396719,1.06749275282581,-1.58108512155548,0.427119640275223,0.696918332662375,-0.0658631742163186,-0.0317937217023011,-0.281925995324187,0.179432511581137,0.227379921043258,0.342073190173038,-0.845946597120832,0.246225380897956
"RS_GCF_013395055.1",-2.86445264256561,-5.07687268038061,1.84051076498226,0.0460696743917058,-0.620771042726763,-0.672697345896192,0.251868870784854,-1.41483864822543,0.391906342395059,-0.140154932826305,-0.881832683791126,-0.145593702303357,-0.669302829869154,1.02249009320293,0.788988250262498,0.289205232562579,-0.582828274968541,0.2320837775421
"RS_GCF_000341615.1",-4.66836025032677,-4.71597180372424,-0.56039920126982,-0.694758967444902,-0.200699905565137,-0.664761004877707,0.368295519326457,-0.695670882462883,1.21780783432182,0.340036328979395,0.295559328834276,0.628136487262247,-0.44904133283544,0.544954291297418,0.131517286110931,0.736965280618802,-0.685702224843367,0.252464666476347
"RS_GCF_024448955.1",-3.69395171360447,-5.05484555015113,-0.303656804317828,-1.4221091035817,0.0937848869283408,-0.449371925127679,0.446792196066809,-0.939548212639868,1.24275374563704,0.855833386648839,0.0330063991827547,-0.564615869853815,-0.500862153527178,-0.00975135752072739,0.297201490672859,0.494357323472701,-0.760113605653637,0.277468872468895
"RS_GCF_900111835.1",-1.47439705183367,-5.55736526303092,0.323237078990986,-0.0151918564150701,-0.630449602072062,-0.605053322446882,0.699394041861047,-1.69045003072527,0.00669325137597571,0.599180703651955,-0.134432194936348,0.426770847010156,-0.164895875330467,0.231775827885493,0.490117775667137,0.479158007511969,-0.645671273340468,0.244020396116046
"RS_GCF_900187975.1",-4.20657936682476,-4.63210556761489,0.883044137616294,0.744076988847351,-0.599385581873838,-0.879362410592001,0.722262319506324,-0.912298794541056,-0.00591282541577164,0.136490870060367,-0.118271903326817,0.184146207469598,-1.13466816400663,1.40473926236641,0.527082460459751,-0.0650000886629986,-0.904781724763185,0.240496152963265
"RS_GCF_006384975.1",-1.2587768410573,-5.53259320582626,-0.103176678699151,0.280382039907008,-0.713655254351987,-0.50076917047983,0.9830696594828,-1.3108940313138,0.67775479610646,0.305250338568731,0.449143064717203,-0.160670262986582,-0.548661890463638,0.72197382509471,0.42345342237169,0.357325765201118,-0.855295803576567,0.261173892908047
"RS_GCF_014646755.1",-2.00950262604302,-5.29454614124146,-0.857994530838,0.83095807126999,-0.79339955328442,-0.721869003115104,1.04513164567875,-1.12252468755694,0.368140225305838,0.140253438676116,0.552715744398478,0.692781052788269,-0.365370960755027,1.30503513995427,0.690986720664362,0.223595931222937,-0.783458650375939,0.261362161453734
"RS_GCF_001839655.2",-1.26685721277377,-5.60896505700413,-0.031503051577561,-0.73514015380467,-1.02224703123797,-0.211574204889895,0.329938235687714,-0.996866461935938,0.803651335378773,0.6554074459766,0.267449688823912,0.66508029857944,-0.730613489791103,0.606380785405017,0.96816758994308,0.403090479086233,-0.604476652010725,0.293914374487838
"RS_GCF_021495345.1",-1.83710119027267,-5.40984501940582,-0.182524022661496,-0.225551413570182,-1.38440329828677,-0.21027314675662,0.782460039995493,-1.15769264300782,0.973442568446783,1.14481306908066,-0.178987529389581,0.335392271151264,-0.580907714645372,0.0114961555870889,0.509356233990768,0.250753086719221,-0.795402769335353,0.281170847259658
"RS_GCF_000826105.1",0.476453848879266,0.337522775917372,-0.16860238955516,-0.0690667653700952,-0.139800469098344,-0.786270444544098,0.846752412076147,-1.32836166439533,0.837239110055473,0.467849706701216,0.415604903313533,0.0771390881368157,-0.428512909604806,0.477419490380064,0.234660253636609,-0.0358591883225246,-0.326429904212323,-0.0274512611769309
"RS_GCF_003097135.1",0.476453848879266,0.337522775917372,-0.16860238955516,-0.0690667653700952,-0.139800469098344,-0.786270444544098,0.846752412076147,-1.32836166439533,0.837239110055473,0.467849706701216,0.415604903313533,0.0771390881368157,-0.428512909604806,0.477419490380064,0.234660253636609,-0.0358591883225246,-0.326429904212323,-0.0274512611769309
"RS_GCF_000737245.1",-1.2587768410573,-5.53259320582626,-0.103176678699151,0.280382039907008,-0.713655254351987,-0.50076917047983,0.9830696594828,-1.3108940313138,0.67775479610646,0.305250338568731,0.449143064717203,-0.160670262986582,-0.548661890463638,0.72197382509471,0.42345342237169,0.357325765201118,-0.855295803576567,0.261173892908047
"RS_GCF_013386165.1",-1.2587768410573,-5.53259320582626,-0.103176678699151,0.280382039907008,-0.713655254351987,-0.50076917047983,0.9830696594828,-1.3108940313138,0.67775479610646,0.305250338568731,0.449143064717203,-0.160670262986582,-0.548661890463638,0.72197382509471,0.42345342237169,0.357325765201118,-0.855295803576567,0.261173892908047
"RS_GCF_001269655.1",-4.25928524351246,-4.85237268178994,-0.841430919191231,-0.258592196785319,0.54531332454625,-1.01245932840305,0.793886895093082,-1.17457134743066,0.386816246664857,0.242941750337934,0.249703434037291,-0.078350546932529,-0.0185895044973822,0.741246313332877,0.28275847601802,0.451947592948336,-0.738820280238488,0.24271167465288
"RS_GCF_022952855.1",-4.25928524351246,-4.85237268178994,-0.841430919191231,-0.258592196785319,0.54531332454625,-1.01245932840305,0.793886895093082,-1.17457134743066,0.386816246664857,0.242941750337934,0.249703434037291,-0.078350546932529,-0.0185895044973822,0.741246313332877,0.28275847601802,0.451947592948336,-0.738820280238488,0.24271167465288
"RS_GCF_900583165.1",-1.2587768410573,-5.53259320582626,-0.103176678699151,0.280382039907008,-0.713655254351987,-0.50076917047983,0.9830696594828,-1.3108940313138,0.67775479610646,0.305250338568731,0.449143064717203,-0.160670262986582,-0.548661890463638,0.72197382509471,0.42345342237169,0.357325765201118,-0.855295803576567,0.261173892908047
"RS_GCF_001439815.1",-1.2587768410573,-5.53259320582626,-0.103176678699151,0.280382039907008,-0.713655254351987,-0.50076917047983,0.9830696594828,-1.3108940313138,0.67775479610646,0.305250338568731,0.449143064717203,-0.160670262986582,-0.548661890463638,0.72197382509471,0.42345342237169,0.357325765201118,-0.855295803576567,0.261173892908047
"RS_GCF_900187645.1",-4.25928524351246,-4.85237268178994,-0.841430919191231,-0.258592196785319,0.54531332454625,-1.01245932840305,0.793886895093082,-1.17457134743066,0.386816246664857,0.242941750337934,0.249703434037291,-0.078350546932529,-0.0185895044973822,0.741246313332877,0.28275847601802,0.451947592948336,-0.738820280238488,0.24271167465288
"RS_GCF_009380155.1",-4.06887893933688,-4.84632000072729,-0.42942405316429,0.173331943174114,0.00676211153548359,-0.968390738407105,0.613095480596027,-1.32386896176826,1.18011589205972,-0.451763481207762,-0.182735396055466,0.326097331698121,0.381566530338116,0.86135947668318,0.116242206634959,0.911676053981083,-0.542730773413937,0.211500078021079
"RS_GCF_900187505.1",-4.4446774985902,-4.81679848556633,-1.05847465645668,-0.871533072218714,0.0140405879959072,-0.670471757762953,0.508854182262762,-0.75117886888301,0.933139174836417,0.690836486756223,0.136579078864029,0.288835445921036,-0.317571223818567,0.573309957338828,0.564734788965531,0.360627489494519,-0.688276452453009,0.277657141014582
"RS_GCF_002277815.1",-1.43197707962234,-5.54762698546084,0.0350741523193649,0.875504467386384,-0.541810341613326,-0.698466807671178,0.463755218426474,-0.348777257137053,0.292032719938195,0.77178948114475,-0.318412015963158,-0.156908203612301,0.012210958168804,-0.146458374982791,0.0724156693358671,0.333917331305959,-0.863526148779739,0.24423620943224
"RS_GCF_900187605.1",-1.2587768410573,-5.53259320582626,-0.103176678699151,0.280382039907008,-0.713655254351987,-0.50076917047983,0.9830696594828,-1.3108940313138,0.67775479610646,0.305250338568731,0.449143064717203,-0.160670262986582,-0.548661890463638,0.72197382509471,0.42345342237169,0.357325765201118,-0.855295803576567,0.261173892908047
"RS_GCF_019145235.1",-4.25928524351246,-4.85237268178994,-0.841430919191231,-0.258592196785319,0.54531332454625,-1.01245932840305,0.793886895093082,-1.17457134743066,0.386816246664857,0.242941750337934,0.249703434037291,-0.078350546932529,-0.0185895044973822,0.741246313332877,0.28275847601802,0.451947592948336,-0.738820280238488,0.24271167465288
"RS_GCF_009905435.1",-1.2587768410573,-5.53259320582626,-0.103176678699151,0.280382039907008,-0.713655254351987,-0.50076917047983,0.9830696594828,-1.3108940313138,0.67775479610646,0.305250338568731,0.449143064717203,-0.160670262986582,-0.548661890463638,0.72197382509471,0.42345342237169,0.357325765201118,-0.855295803576567,0.261173892908047
"RS_GCF_019139535.1",-1.87539168693151,-5.34459253378735,0.532595169790807,0.564163566637026,-1.06787105529747,-0.546549964511472,0.926934089889508,-1.52557713513535,0.711788299760625,0.346118174885547,0.0931170757539284,0.30750731963891,-0.41339610434106,0.151076845539727,-0.205837581811342,0.71841098129732,-0.84337236951119,0.221032906359721
"GB_GCA_024349685.1",-1.2587768410573,-5.53259320582626,-0.103176678699151,0.280382039907008,-0.713655254351987,-0.50076917047983,0.9830696594828,-1.3108940313138,0.67775479610646,0.305250338568731,0.449143064717203,-0.160670262986582,-0.548661890463638,0.72197382509471,0.42345342237169,0.357325765201118,-0.855295803576567,0.261173892908047
"RS_GCF_021602025.1",-1.2587768410573,-5.53259320582626,-0.103176678699151,0.280382039907008,-0.713655254351987,-0.50076917047983,0.9830696594828,-1.3108940313138,0.67775479610646,0.305250338568731,0.449143064717203,-0.160670262986582,-0.548661890463638,0.72197382509471,0.42345342237169,0.357325765201118,-0.855295803576567,0.261173892908047
"RS_GCF_016518545.1",-1.2587768410573,-5.53259320582626,-0.103176678699151,0.280382039907008,-0.713655254351987,-0.50076917047983,0.9830696594828,-1.3108940313138,0.67775479610646,0.305250338568731,0.449143064717203,-0.160670262986582,-0.548661890463638,0.72197382509471,0.42345342237169,0.357325765201118,-0.855295803576567,0.261173892908047
"RS_GCF_000425745.1",-1.08146495769603,-5.64453925322775,0.185540685687885,-0.122199278371275,-0.490974294687622,-0.553561775529994,0.614970948518035,-1.42025894048359,0.257328407207213,0.207512709558311,0.380574043997174,0.297894305725875,-0.431631770469918,0.774317141399065,0.68619127699557,0.49441058254005,-0.655020479796204,0.258968908126136
"RS_GCF_013523125.1",-1.2587768410573,-5.53259320582626,-0.103176678699151,0.280382039907008,-0.713655254351987,-0.50076917047983,0.9830696594828,-1.3108940313138,0.67775479610646,0.305250338568731,0.449143064717203,-0.160670262986582,-0.548661890463638,0.72197382509471,0.42345342237169,0.357325765201118,-0.855295803576567,0.261173892908047
"RS_GCF_015637705.1",-2.65855361354666,-5.21301082411575,-0.881518354887205,1.1476979707488,-0.198250057257224,-1.16050538986975,0.256709771577407,-0.207698977204725,0.109135229057182,-0.0127927206177523,-1.04452909223953,0.40386039521506,-0.43895401477236,0.511310382784272,0.306749832837486,0.0746320685225732,-0.86707197010074,0.234708374577728
"RS_GCF_900109735.1",-4.2249456430176,-4.91900625539772,-1.05792021874126,-0.383418066695544,0.325360808119008,-0.816677848037412,-0.0948833521365777,0.481128995535413,0.798052254499389,0.765707635238598,-0.11596976288281,0.163720964011036,-0.0234342703255762,0.2474190707749,0.40977053725814,0.352471630627441,-0.705856004111916,0.275667969548866
"RS_GCF_009653635.1",-2.70561063883021,-4.97827320852028,-0.70444819811107,-0.0998515813008493,-1.11394293557657,3.09933339979158,-0.558556760452941,-1.42874073217922,-0.533231451483133,0.214252537143361,-0.26752828065387,0.9253566773174,0.383612594946151,0.896703814659301,0.435273759244297,-0.0112172454087436,-1.17105736975107,0.224946868926497
"RS_GCF_009711465.1",-1.67992085507227,-5.46648107534831,0.0400881948141909,-0.665916436381475,-1.29229043672196,-0.14019658989561,-0.597005848780309,-1.35958981569946,0.822574567388263,0.447403658786121,0.720945533023293,0.205116761295671,-0.329925598935053,0.478994358686682,1.21027767776817,-0.0298261318387455,-0.781264752829475,0.304385256852218
"GB_GCA_015665455.1",-3.21810096466588,-5.15141464691142,-0.141882149250107,-1.14372657558113,-0.329519696360194,-0.208433175564381,0.715899629111829,-0.892257148815338,1.11603666571743,1.47541868851873,0.862696155140404,-0.271933152906324,0.133593749122597,-0.0844588004282346,0.330400625463912,0.619912752277905,-0.684730631132008,0.287184975869094
"RS_GCF_016132445.1",-3.78343449457386,-4.94894177855023,-0.679656264123509,0.0197903312152437,0.122008741257715,-0.771520578839753,1.0629943281381,-1.12728028360613,0.260099166745248,0.862527052207821,1.07939318999494,0.214332170014962,0.615866398152393,0.66653887042537,0.315957610809073,0.57750302175354,-0.663437305716859,0.252427778053079
"GB_GCA_022448365.1",-1.65170893519494,-5.44541921562944,0.0345197146039498,0.387389461863214,-0.853130561736426,-0.552260717396719,1.06749275282581,-1.58108512155548,0.427119640275223,0.696918332662375,-0.0658631742163186,-0.0317937217023011,-0.281925995324187,0.179432511581137,0.227379921043258,0.342073190173038,-0.845946597120832,0.246225380897956
"RS_GCF_004362145.1",-1.08146495769603,-5.64453925322775,0.185540685687885,-0.122199278371275,-0.490974294687622,-0.553561775529994,0.614970948518035,-1.42025894048359,0.257328407207213,0.207512709558311,0.380574043997174,0.297894305725875,-0.431631770469918,0.774317141399065,0.68619127699557,0.49441058254005,-0.655020479796204,0.258968908126136
"RS_GCF_014645375.1",-3.4767413664955,-4.93274487640491,-1.02752528347631,0.115865807215433,-1.31088641941466,-0.600934113960907,-0.351529491321597,-1.37933771683901,0.80946830957526,0.152227080127682,-0.451608761466574,0.436197332694856,-0.631384796730487,0.541878486635817,0.985800485317475,-0.441448786989143,-0.975736691475104,0.282113894769526
"RS_GCF_000422865.1",-1.53120253722643,-5.50645876120655,0.109737761571907,0.118017780116395,-0.956104439445072,-0.650187844842736,-0.133150924558616,-2.06702835456746,-0.112233707107045,0.704998536072057,0.0510683733419878,0.113361348012979,-0.141391625628877,0.329495023958212,0.382745043070786,0.494918731818247,-0.70335114341272,0.222303866912692
"RS_GCF_900086985.1",-2.23950835000082,-5.25867341905166,-0.933243017238563,1.55929013528083,-0.947209477918769,-0.964701162702306,-0.306727761797237,-0.53698623722238,-0.136508809345447,0.712610413672237,-0.0293387680035471,0.383133613165373,0.219006137579005,0.534322135949483,0.232576235032188,0.215948221634056,-0.849368865651363,0.222707948774574
"RS_GCF_003031405.1",-2.23950835000082,-5.25867341905166,-0.933243017238563,1.55929013528083,-0.947209477918769,-0.964701162702306,-0.306727761797237,-0.53698623722238,-0.136508809345447,0.712610413672237,-0.0293387680035471,0.383133613165373,0.219006137579005,0.534322135949483,0.232576235032188,0.215948221634056,-0.849368865651363,0.222707948774574
"RS_GCF_016107625.1",-2.23950835000082,-5.25867341905166,-0.933243017238563,1.55929013528083,-0.947209477918769,-0.964701162702306,-0.306727761797237,-0.53698623722238,-0.136508809345447,0.712610413672237,-0.0293387680035471,0.383133613165373,0.219006137579005,0.534322135949483,0.232576235032188,0.215948221634056,-0.849368865651363,0.222707948774574
"RS_GCF_014651775.1",-1.0390449854847,-5.63480097565766,-0.102622240983736,0.768497045430179,-0.402335034228886,-0.64697526075429,0.379332125083461,-0.0785861668953739,0.542667875769432,0.380121487051107,0.196594222970364,-0.285784744896582,-0.254524936970647,0.396082938530781,0.2684891706643,0.349169906334039,-0.872875355235475,0.259184721442331
"RS_GCF_900110265.1",-2.23950835000082,-5.25867341905166,-0.933243017238563,1.55929013528083,-0.947209477918769,-0.964701162702306,-0.306727761797237,-0.53698623722238,-0.136508809345447,0.712610413672237,-0.0293387680035471,0.383133613165373,0.219006137579005,0.534322135949483,0.232576235032188,0.215948221634056,-0.849368865651363,0.222707948774574
"RS_GCF_003002925.1",-1.84657625586318,-5.34584740924848,-1.07093941054166,1.45228271332463,-0.80773417053433,-0.913209615785418,-0.391150855140249,-0.266795146980701,0.11412634648579,0.320942419578593,0.485667470929975,0.254257071881091,-0.047729757560446,1.07686344946306,0.428649736360621,0.231200796662136,-0.858718072107098,0.237656460784665
"RS_GCF_019722725.1",-1.09585047087746,-5.58389447383328,-0.316121558402815,0.901706681961644,-0.727989871601896,-0.692109783150144,-0.453212841336202,-0.455164490737559,0.423740917286412,0.485939319471209,0.3820947912487,-0.59919424389376,-0.231020687269057,0.4938021346035,0.161116438067949,0.364930630640318,-0.930555225307727,0.237468192238977
"RS_GCF_021404465.1",-4.50148298398296,-4.76589198374195,-1.27197397387576,-0.738323435687249,-0.311614249377103,-0.715606280158807,-0.323690784156901,-1.1277571927252,0.814212216353397,0.796654319176325,0.322079647142365,-0.0245740530761412,-0.294066974116977,0.671029153411547,0.45736205636918,0.376388213800798,-0.745956322525261,0.255940611811228
"RS_GCF_021404405.1",-4.50148298398296,-4.76589198374195,-1.27197397387576,-0.738323435687249,-0.311614249377103,-0.715606280158807,-0.323690784156901,-1.1277571927252,0.814212216353397,0.796654319176325,0.322079647142365,-0.0245740530761412,-0.294066974116977,0.671029153411547,0.45736205636918,0.376388213800798,-0.745956322525261,0.255940611811228
"RS_GCF_001545155.1",-4.50148298398296,-4.76589198374195,-1.27197397387576,-0.738323435687249,-0.311614249377103,-0.715606280158807,-0.323690784156901,-1.1277571927252,0.814212216353397,0.796654319176325,0.322079647142365,-0.0245740530761412,-0.294066974116977,0.671029153411547,0.45736205636918,0.376388213800798,-0.745956322525261,0.255940611811228
"RS_GCF_900104135.1",-4.09635887333262,-4.90367394979696,-1.05437579889489,0.362732445269317,0.530978707296341,-1.20379994107336,-0.642395605725921,-0.318841806854425,0.132802367844809,0.423630731240411,0.182655160568788,-0.516874527839707,0.299051698697199,0.513074622841667,0.0204214917142782,0.459552458387536,-0.814079701969647,0.219005973983811
"RS_GCF_007954585.1",-3.62050812439402,-5.00024304655725,-0.892601143827173,0.641114973269879,0.107674124007806,-0.962861191510067,-0.373288172680901,-0.271550743029895,0.00608528792519989,1.0432160331103,1.01234491652644,-0.224191810892216,0.933507601346975,0.43836717993416,0.0536206265053313,0.58510788719274,-0.738696727448018,0.22872207738401
"RS_GCF_003206065.1",0.816692102420372,0.17427546050887,-0.0928299048717877,0.149676558406257,0.0685458733161109,-1.03040366226458,-0.957628799707622,-0.581997032988882,0.162798842336177,0.550801058593273,0.279987609125,0.0971796759420954,0.00615841358349549,0.30159111619321,0.235061123956747,0.108830494455606,-0.201414002163118,-0.0533619466279108
"RS_GCF_000591415.1",-1.2587768410573,-5.53259320582626,-0.103176678699151,0.280382039907008,-0.713655254351987,-0.50076917047983,0.9830696594828,-1.3108940313138,0.67775479610646,0.305250338568731,0.449143064717203,-0.160670262986582,-0.548661890463638,0.72197382509471,0.42345342237169,0.357325765201118,-0.855295803576567,0.261173892908047
"RS_GCF_002514725.1",-0.918538587516192,-5.69584052123477,-0.0274041940157789,0.49912536368336,-0.505308911937532,-0.744902388200308,-0.821311552300968,-0.564529399907353,0.00331452838716432,0.388201690460788,0.31352577052867,-0.140629675181303,-0.113990567275337,0.546145450907855,0.423854292691828,0.502015447979249,-0.730279901527363,0.235263207457067
"RS_GCF_900111555.1",-2.45569328349614,-5.33306411192149,-0.22385188084824,0.345688977092517,-0.136392296509483,-0.703403521764094,-0.475582910437605,-0.664725687544473,0.824330844635278,0.864307859234047,0.317353156782158,-1.01249628937763,1.28184281549073,0.00377469446631696,0.0527885616841982,0.802228391079386,-0.617018601433738,0.222514686744757
"RS_GCF_003441595.1",-4.31609072890522,-4.80146617996557,-1.05493023661031,-0.125382560253854,0.21965848717324,-1.05759385079891,-0.0386580713265809,-1.55114967127285,0.267889288181837,0.348759582758036,0.435204002315627,-0.391760045929706,0.0049147452042078,0.838965509405595,0.175385743421669,0.467708317254614,-0.79650015031074,0.220995145449527
"RS_GCF_023657445.1",-3.48570631175731,-4.97575284168049,-0.723858519335537,0.961771652986379,-0.144482743291494,-1.12748561198616,-0.630001561329866,-0.365616730210524,-0.380572524842784,0.123108565960635,0.000385832022853706,-0.121249979358149,-0.569892267768681,0.235455126674224,0.282158687191035,-0.44167521231087,-1.2373753501344,0.251198379035674
"RS_GCF_001043175.1",-3.70938906349389,-4.8749261598384,-0.22578306414868,1.13854575776019,-0.359223236852538,-1.12177485910092,-0.77056022426617,-0.310108743790396,-0.0959038653573826,-0.227691591816193,0.159366081993101,0.218051061983062,-0.701362376785554,0.207099460632814,-0.151058815663565,-0.0653374211865877,-1.23480112252476,0.226005904497439
"RS_GCF_002407605.1",-4.09635887333262,-4.90367394979696,-1.05437579889489,0.362732445269317,0.530978707296341,-1.20379994107336,-0.642395605725921,-0.318841806854425,0.132802367844809,0.423630731240411,0.182655160568788,-0.516874527839707,0.299051698697199,0.513074622841667,0.0204214917142782,0.459552458387536,-0.814079701969647,0.219005973983811
"RS_GCF_023555055.1",-3.67109856683505,-4.94017864545687,-0.940902256600983,0.348830777552983,-0.675755479841837,-0.785498041346066,-0.915034274160186,0.0577757483371292,0.165750403328776,0.571003302378925,-0.112738523150408,0.245936013495417,-0.868873987089867,0.0675187706801757,0.564135000138545,-0.532995315764687,-1.18683152234892,0.286143845397376
"RS_GCF_003597125.1",-1.0390449854847,-5.63480097565766,-0.102622240983736,0.768497045430179,-0.402335034228886,-0.64697526075429,0.379332125083461,-0.0785861668953739,0.542667875769432,0.380121487051107,0.196594222970364,-0.285784744896582,-0.254524936970647,0.396082938530781,0.2684891706643,0.349169906334039,-0.872875355235475,0.259184721442331
"RS_GCF_023016115.1",-1.09585047087746,-5.58389447383328,-0.316121558402815,0.901706681961644,-0.727989871601896,-0.692109783150144,-0.453212841336202,-0.455164490737559,0.423740917286412,0.485939319471209,0.3820947912487,-0.59919424389376,-0.231020687269057,0.4938021346035,0.161116438067949,0.364930630640318,-0.930555225307727,0.237468192238977
"RS_GCF_015265435.1",-2.06872347365741,-5.30431632196293,0.604740853897974,1.12150228958339,-1.02659424065836,-0.621378439791647,-0.603747528977855,-0.655992624480444,0.595624611433087,0.212985536177442,0.29406407820647,-0.277570699554859,0.281428740007981,-0.302200467742536,-0.118691745693645,0.277338511505263,-1.03774002198885,0.229514617258385
"RS_GCF_009372255.1",0.639380219059107,0.286221507910353,-0.381547269258823,0.55225787668454,-0.154135086348253,-0.977611057214412,-0.589530088742856,-0.472632123819089,0.583225231235425,0.648538687603693,0.34855662984503,-0.361384892770362,-0.110871706410225,0.249247799888855,-0.0276767306671324,-0.0282543228833251,-0.401689325943482,-0.0511569618460002
"RS_GCF_004331155.1",0.639380219059107,0.286221507910353,-0.381547269258823,0.55225787668454,-0.154135086348253,-0.977611057214412,-0.589530088742856,-0.472632123819089,0.583225231235425,0.648538687603693,0.34855662984503,-0.361384892770362,-0.110871706410225,0.249247799888855,-0.0276767306671324,-0.0282543228833251,-0.401689325943482,-0.0511569618460002
"GB_GCA_013530545.1",0.639380219059107,0.286221507910353,-0.381547269258823,0.55225787668454,-0.154135086348253,-0.977611057214412,-0.589530088742856,-0.472632123819089,0.583225231235425,0.648538687603693,0.34855662984503,-0.361384892770362,-0.110871706410225,0.249247799888855,-0.0276767306671324,-0.0282543228833251,-0.401689325943482,-0.0511569618460002
"RS_GCF_002014855.1",-1.66772883855957,-5.5170890512065,0.395382763098153,0.542146866531296,-0.589172787432954,-0.679881797727057,-0.831287577006315,-0.820865520070365,-0.109470436951562,0.46604806494385,0.0665148075161937,-0.158307172183613,0.529928969018574,-0.22150148539677,0.577263611784834,0.0380855377199117,-0.840038925818126,0.25250210701471
"RS_GCF_904846315.1",-2.81944925864314,-5.06626925737812,-0.150076998240875,1.67207832094637,-1.1063385395908,-0.84247827242692,-0.541685542781902,-0.467623280723586,0.286010040632466,0.0479886362848268,0.397636757887745,0.575880616219992,0.464719669716592,0.28086084711702,0.148841552599027,0.143608677527081,-0.965902868788219,0.229702885804072
"RS_GCF_008369115.1",-2.59576650690656,-5.16709593922021,-0.648152453427732,1.49530421617256,-0.891598046029752,-0.848189025312167,-0.401126879845597,-0.523131267143714,0.00134138114706354,0.398788794061655,0.238656507917498,0.236579574878781,0.596189778733465,0.30921651315843,0.582059055453626,-0.232729113597201,-0.968477096397861,0.254895360342307
"RS_GCF_016107525.1",-1.31147068165383,-5.60866653103794,0.110292199287322,0.606132785639565,-0.644784219321971,-0.796393935117196,-0.736888458957956,-0.834720490149031,-0.247320627444073,0.779869684554432,-0.201480468404852,-0.0117531338970215,0.152745327864114,0.00360413739428318,0.227780791363395,0.486762872951169,-0.720930695071628,0.220314695446976
"RS_GCF_014897815.1",-2.23950835000082,-5.25867341905166,-0.933243017238563,1.55929013528083,-0.947209477918769,-0.964701162702306,-0.306727761797237,-0.53698623722238,-0.136508809345447,0.712610413672237,-0.0293387680035471,0.383133613165373,0.219006137579005,0.534322135949483,0.232576235032188,0.215948221634056,-0.849368865651363,0.222707948774574
"RS_GCF_016107545.1",-2.23950835000082,-5.25867341905166,-0.933243017238563,1.55929013528083,-0.947209477918769,-0.964701162702306,-0.306727761797237,-0.53698623722238,-0.136508809345447,0.712610413672237,-0.0293387680035471,0.383133613165373,0.219006137579005,0.534322135949483,0.232576235032188,0.215948221634056,-0.849368865651363,0.222707948774574
"RS_GCF_904846625.1",-0.918538587516192,-5.69584052123477,-0.0274041940157789,0.49912536368336,-0.505308911937532,-0.744902388200308,-0.821311552300968,-0.564529399907353,0.00331452838716432,0.388201690460788,0.31352577052867,-0.140629675181303,-0.113990567275337,0.546145450907855,0.423854292691828,0.502015447979249,-0.730279901527363,0.235263207457067
"RS_GCF_018853815.1",-0.0502596370339785,0.443471221329236,-0.594190013382901,0.465533065526738,0.513788383417387,-1.24440673136647,0.031570277210677,-0.0874384082982339,0.674606108664099,-0.212082642210526,-0.54239352869444,-0.254966680132372,-0.919654234554759,0.0782131827221001,0.50581389531871,0.130218222091635,-0.0996093874973094,-0.0169114794240145
"RS_GCF_020510665.1",-3.95435105047035,-5.0305933738807,-0.793552812265826,-0.708285420069768,0.406396759014912,-0.745686401052801,-0.152546184715467,0.425222540032213,0.952315415473344,0.900925830762829,-0.240209928579325,0.078029533422733,0.127388105467593,0.395441934776443,-0.0495464909224044,0.0526829325409982,-1.02563904700747,0.253422912930035
"RS_GCF_020510425.1",-3.22319209092654,-5.16371181134133,-0.387817485738512,-0.378617894099525,-0.372038569281568,-0.767299199411618,-1.34079581770384,-0.107495616335864,-0.100412824596517,0.608483868892735,-0.305547709566953,0.618809151619571,-0.601021491302977,0.267884950986074,0.36755582658188,-0.695699196512198,-1.30633924146411,0.261693803996634
"GB_GCA_004379165.1",-3.95435105047035,-5.0305933738807,-0.793552812265826,-0.708285420069768,0.406396759014912,-0.745686401052801,-0.152546184715467,0.425222540032213,0.952315415473344,0.900925830762829,-0.240209928579325,0.078029533422733,0.127388105467593,0.395441934776443,-0.0495464909224044,0.0526829325409982,-1.02563904700747,0.253422912930035
"GB_GCA_016720065.1",-4.2249456430176,-4.91900625539772,-1.05792021874126,-0.383418066695544,0.325360808119008,-0.816677848037412,-0.0948833521365777,0.481128995535413,0.798052254499389,0.765707635238598,-0.11596976288281,0.163720964011036,-0.0234342703255762,0.2474190707749,0.40977053725814,0.352471630627441,-0.705856004111916,0.275667969548866
"RS_GCF_009469695.1",0.476453848879266,0.337522775917372,-0.16860238955516,-0.0690667653700952,-0.139800469098344,-0.786270444544098,0.846752412076147,-1.32836166439533,0.837239110055473,0.467849706701216,0.415604903313533,0.0771390881368157,-0.428512909604806,0.477419490380064,0.234660253636609,-0.0358591883225246,-0.326429904212323,-0.0274512611769309
"RS_GCF_016110345.1",-2.23950835000082,-5.25867341905166,-0.933243017238563,1.55929013528083,-0.947209477918769,-0.964701162702306,-0.306727761797237,-0.53698623722238,-0.136508809345447,0.712610413672237,-0.0293387680035471,0.383133613165373,0.219006137579005,0.534322135949483,0.232576235032188,0.215948221634056,-0.849368865651363,0.222707948774574
"RS_GCF_023336895.1",0.393366395374655,0.249828904786323,-0.369781033116122,0.242175599863549,0.395492362652592,-1.13537752551938,-0.120684679670895,-0.0729558208930391,0.126374390992531,0.415204521804785,0.0738195548314242,1.17834906012582,0.316767469383685,0.934956098981591,0.150650126665225,-0.340448761915296,-0.391680021785788,-0.0537022054977017
"GB_GCA_905192805.1",-0.0181852412712287,0.60210988123741,-0.538399361303612,0.0395259363592371,-1.28225626249844,-1.2482516660896,-0.24530726637642,0.131216282915313,-0.215524256691253,-0.482170881825196,0.690567992208121,-0.878911114981871,0.495874695847518,-0.0700333747141197,0.470868872879323,-0.0202599976241824,-0.158775298125153,-0.0112085882869372
"GB_GCA_905213905.1",0.177261429419571,0.398126876022577,-0.764400019761751,-1.1443786501611,-1.23847703104105,-1.10955125416,-0.0247582846653096,0.88452363880715,-0.109639198281143,0.181429503928997,-0.0895288795963071,1.08887143846617,0.398170886958951,0.820867055177165,0.122372194557208,-0.274885902965156,-0.298896978331031,-0.0332408337635017
"GB_GCA_017628205.1",0.186498080553134,0.41734743252456,-0.401380302357501,-1.49202772680402,-1.24161280092781,-1.04293522801589,-0.821469653141286,0.580288027469026,-0.581845732846953,0.660931114486352,0.708058254760274,-0.0574447830069992,-0.44406431269361,0.039033242997071,-0.0599180416228089,0.0910026834972821,-0.302146237923271,-0.0268814528001445
"RS_GCF_003335215.1",-2.18270286460806,-5.30957992087603,-0.719743699819484,1.42608049874937,-0.621554640545759,-0.919566640306452,0.525817204622427,-0.160407913380195,-0.0175818508624266,0.606792581252135,-0.214839336281883,0.69654311216255,0.195501887877415,0.436602939876765,0.339948967628539,0.200187497327777,-0.791688995579111,0.244424477977927
"RS_GCF_902459615.1",-1.36644506342471,-5.47230735535031,-0.58048896487825,1.22657403533587,-0.8090258224978,-0.763101230134756,-0.395550008757313,-0.399258035234359,0.269477756312457,0.350721123946979,0.506334956945215,-0.513502813305457,-0.381843063062226,0.345779270601957,0.620433466248493,0.66471932872676,-0.610772182412177,0.259713248857809
"RS_GCF_009765705.1",0.476453848879266,0.337522775917372,-0.16860238955516,-0.0690667653700952,-0.139800469098344,-0.786270444544098,0.846752412076147,-1.32836166439533,0.837239110055473,0.467849706701216,0.415604903313533,0.0771390881368157,-0.428512909604806,0.477419490380064,0.234660253636609,-0.0358591883225246,-0.326429904212323,-0.0274512611769309
"RS_GCF_001544495.1",-2.64463246065116,-5.12089145299664,-1.15084119221942,0.458234254324265,-1.78980243459221,-0.476507501787748,0.0119770597717824,-1.34590162309315,0.544901039163141,1.08563400160815,0.11008571857003,0.875434087928938,-0.374112535235171,0.692276666519363,0.669516799687089,0.132783977047318,-0.781245486206977,0.259642586601991
"RS_GCF_900107685.1",-2.33536717004069,-5.19134811549064,-0.158256445479734,0.781480532660634,-1.20420991811632,-0.551874549387045,0.19821150093668,-1.8879020198158,0.291779711310759,0.353696349947665,0.511872835679578,-0.406065828397767,-0.032060480261306,-0.0959767791387406,0.92880703704889,0.208945277334502,-0.702951655044032,0.278941319881167
"RS_GCF_003610895.1",-2.03196851094092,-5.31027321302486,-1.28798314780711,0.839341837891231,-1.33900690708467,-0.57122204514532,-0.67618356797057,0.156597331566952,0.66044927465735,0.768837155996883,0.372543115756713,0.621443064734656,-0.346711476881631,0.908927093469007,0.710626049308131,0.13988069320832,-0.80817424432162,0.272601927146367
"RS_GCF_000739815.1",-2.23950835000082,-5.25867341905166,-0.933243017238563,1.55929013528083,-0.947209477918769,-0.964701162702306,-0.306727761797237,-0.53698623722238,-0.136508809345447,0.712610413672237,-0.0293387680035471,0.383133613165373,0.219006137579005,0.534322135949483,0.232576235032188,0.215948221634056,-0.849368865651363,0.222707948774574
"RS_GCF_003853645.1",-1.75937715756234,-5.38513336515348,-0.44279257157515,1.33358145729207,-0.94850112988224,-0.814592777051644,-0.3111269154143,-0.669449125476038,0.01884260048122,0.742389118040622,-0.00867128198830684,-0.384626272021175,-0.115107167922775,-0.196762042911616,0.424359964920061,0.64946675369868,-0.601422975956442,0.244764736847718
"RS_GCF_001443045.1",-1.75937715756234,-5.38513336515348,-0.44279257157515,1.33358145729207,-0.94850112988224,-0.814592777051644,-0.3111269154143,-0.669449125476038,0.01884260048122,0.742389118040622,-0.00867128198830684,-0.384626272021175,-0.115107167922775,-0.196762042911616,0.424359964920061,0.64946675369868,-0.601422975956442,0.244764736847718
"RS_GCF_902832845.1",-1.09585047087746,-5.58389447383328,-0.316121558402815,0.901706681961644,-0.727989871601896,-0.692109783150144,-0.453212841336202,-0.455164490737559,0.423740917286412,0.485939319471209,0.3820947912487,-0.59919424389376,-0.231020687269057,0.4938021346035,0.161116438067949,0.364930630640318,-0.930555225307727,0.237468192238977
"GB_GCA_000272025.2",-1.66772883855957,-5.5170890512065,0.395382763098153,0.542146866531296,-0.589172787432954,-0.679881797727057,-0.831287577006315,-0.820865520070365,-0.109470436951562,0.46604806494385,0.0665148075161937,-0.158307172183613,0.529928969018574,-0.22150148539677,0.577263611784834,0.0380855377199117,-0.840038925818126,0.25250210701471
"RS_GCF_900250115.1",-4.02563223504436,-4.86246108050223,-1.11019931880803,-0.459940907686686,-0.734918832665638,-0.474667530595509,-0.0545833511118816,-1.08046612890067,0.687495136433788,1.41623962104621,1.15176940310001,0.268108663871349,0.340388928532798,0.59632171050404,0.490561191160233,0.501943642606002,-0.670573348003632,0.265656715211428
"RS_GCF_018688495.1",-0.861733102123433,-5.74674702305914,0.1860951234033,0.365915727151895,-0.179654074564522,-0.699767865804454,0.0112334141186951,-0.187951076065167,0.122241486870185,0.282383858040686,0.128025202250334,0.172779823815875,-0.137494816976927,0.448426254835137,0.531227025288179,0.486254723672971,-0.672600031455111,0.25697973666042
"RS_GCF_013307245.1",-0.861733102123433,-5.74674702305914,0.1860951234033,0.365915727151895,-0.179654074564522,-0.699767865804454,0.0112334141186951,-0.187951076065167,0.122241486870185,0.282383858040686,0.128025202250334,0.172779823815875,-0.137494816976927,0.448426254835137,0.531227025288179,0.486254723672971,-0.672600031455111,0.25697973666042
"RS_GCF_018687075.1",-0.861733102123433,-5.74674702305914,0.1860951234033,0.365915727151895,-0.179654074564522,-0.699767865804454,0.0112334141186951,-0.187951076065167,0.122241486870185,0.282383858040686,0.128025202250334,0.172779823815875,-0.137494816976927,0.448426254835137,0.531227025288179,0.486254723672971,-0.672600031455111,0.25697973666042
"RS_GCF_018881795.1",-2.18270286460806,-5.30957992087603,-0.719743699819484,1.42608049874937,-0.621554640545759,-0.919566640306452,0.525817204622427,-0.160407913380195,-0.0175818508624266,0.606792581252135,-0.214839336281883,0.69654311216255,0.195501887877415,0.436602939876765,0.339948967628539,0.200187497327777,-0.791688995579111,0.244424477977927
"RS_GCF_018687515.1",-0.861733102123433,-5.74674702305914,0.1860951234033,0.365915727151895,-0.179654074564522,-0.699767865804454,0.0112334141186951,-0.187951076065167,0.122241486870185,0.282383858040686,0.128025202250334,0.172779823815875,-0.137494816976927,0.448426254835137,0.531227025288179,0.486254723672971,-0.672600031455111,0.25697973666042
"RS_GCF_018882285.1",-0.861733102123433,-5.74674702305914,0.1860951234033,0.365915727151895,-0.179654074564522,-0.699767865804454,0.0112334141186951,-0.187951076065167,0.122241486870185,0.282383858040686,0.128025202250334,0.172779823815875,-0.137494816976927,0.448426254835137,0.531227025288179,0.486254723672971,-0.672600031455111,0.25697973666042
"RS_GCF_003201815.1",-3.07161725584516,-5.07052684245993,-0.809927108495453,1.216921688172,-0.468293462741216,-1.08912777487546,-0.670234312890616,-0.570422330968244,0.128058461066672,-0.220796507808232,-0.591033248040151,-0.0561031420687097,-0.0382661239163103,0.383923956065937,0.548859920662573,-0.358284542402405,-1.04386007091949,0.245179256942108
"RS_GCF_009208565.1",-3.51503186315433,-4.86749239078644,-0.312406091024011,0.90558078742264,-0.994354176425361,-0.937210931715759,-0.207055441427582,-1.74722220896654,0.547814040889102,-0.646467814067436,-0.179504156323065,0.408312381182501,-0.463873186426175,0.681459176588455,0.270606669515364,0.0262091075889556,-1.02370629165094,0.221975953869589
"RS_GCF_001758785.1",-1.0390449854847,-5.63480097565766,-0.102622240983736,0.768497045430179,-0.402335034228886,-0.64697526075429,0.379332125083461,-0.0785861668953739,0.542667875769432,0.380121487051107,0.196594222970364,-0.285784744896582,-0.254524936970647,0.396082938530781,0.2684891706643,0.349169906334039,-0.872875355235475,0.259184721442331
"GB_GCA_000383895.1",-1.09585047087746,-5.58389447383328,-0.316121558402815,0.901706681961644,-0.727989871601896,-0.692109783150144,-0.453212841336202,-0.455164490737559,0.423740917286412,0.485939319471209,0.3820947912487,-0.59919424389376,-0.231020687269057,0.4938021346035,0.161116438067949,0.364930630640318,-0.930555225307727,0.237468192238977
"RS_GCF_900100205.1",-3.70938906349389,-4.8749261598384,-0.22578306414868,1.13854575776019,-0.359223236852538,-1.12177485910092,-0.77056022426617,-0.310108743790396,-0.0959038653573826,-0.227691591816193,0.159366081993101,0.218051061983062,-0.701362376785554,0.207099460632814,-0.151058815663565,-0.0653374211865877,-1.23480112252476,0.226005904497439
"GB_GCA_014841835.1",-1.0390449854847,-5.63480097565766,-0.102622240983736,0.768497045430179,-0.402335034228886,-0.64697526075429,0.379332125083461,-0.0785861668953739,0.542667875769432,0.380121487051107,0.196594222970364,-0.285784744896582,-0.254524936970647,0.396082938530781,0.2684891706643,0.349169906334039,-0.872875355235475,0.259184721442331
"RS_GCF_000745265.1",-1.0390449854847,-5.63480097565766,-0.102622240983736,0.768497045430179,-0.402335034228886,-0.64697526075429,0.379332125083461,-0.0785861668953739,0.542667875769432,0.380121487051107,0.196594222970364,-0.285784744896582,-0.254524936970647,0.396082938530781,0.2684891706643,0.349169906334039,-0.872875355235475,0.259184721442331
"RS_GCF_011947285.1",-1.09585047087746,-5.58389447383328,-0.316121558402815,0.901706681961644,-0.727989871601896,-0.692109783150144,-0.453212841336202,-0.455164490737559,0.423740917286412,0.485939319471209,0.3820947912487,-0.59919424389376,-0.231020687269057,0.4938021346035,0.161116438067949,0.364930630640318,-0.930555225307727,0.237468192238977
"RS_GCF_001189915.1",-1.08146495769603,-5.64453925322775,0.185540685687885,-0.122199278371275,-0.490974294687622,-0.553561775529994,0.614970948518035,-1.42025894048359,0.257328407207213,0.207512709558311,0.380574043997174,0.297894305725875,-0.431631770469918,0.774317141399065,0.68619127699557,0.49441058254005,-0.655020479796204,0.258968908126136
"GB_GCA_023392035.1",-1.09585047087746,-5.58389447383328,-0.316121558402815,0.901706681961644,-0.727989871601896,-0.692109783150144,-0.453212841336202,-0.455164490737559,0.423740917286412,0.485939319471209,0.3820947912487,-0.59919424389376,-0.231020687269057,0.4938021346035,0.161116438067949,0.364930630640318,-0.930555225307727,0.237468192238977
"RS_GCF_010974945.1",-2.72996647767375,-5.17217302897903,0.225922461564806,0.230178886149434,-1.13456239392017,-0.520329618714846,-1.15788767485319,-0.279891209757321,1.26866461952426,0.041294970725845,-0.648750032924441,-0.203067423648785,-0.65200888196298,-0.395429380829077,0.130085432462813,0.0604629792462419,-1.062579168725,0.254743980219888
"RS_GCF_002211445.1",-4.28175112841036,-4.86809975357335,-1.27141953616034,-0.250208430164079,-0.000294029254002099,-0.861812370433267,-0.927428318556241,0.104550671693228,0.679125296016369,0.8715254676587,0.0695308053955262,-0.149688534986141,6.99793760138684e-05,0.345138266847618,0.302397804661789,0.368232354933719,-0.763535874184168,0.253951440345513
"RS_GCF_000209655.1",-2.92125812795837,-5.02596617855623,1.62701144756318,0.179279310923171,-0.946425880099772,-0.717831868292046,-0.580676095634809,-1.79141697206761,0.272979383912039,-0.0343371004062031,-0.69633211551279,-0.459003201300534,-0.645798580167564,1.12020928927565,0.681615517666147,0.304965956868857,-0.640508145040793,0.210367248338747
"GB_GCA_017857895.1",-0.861733102123433,-5.74674702305914,0.1860951234033,0.365915727151895,-0.179654074564522,-0.699767865804454,0.0112334141186951,-0.187951076065167,0.122241486870185,0.282383858040686,0.128025202250334,0.172779823815875,-0.137494816976927,0.448426254835137,0.531227025288179,0.486254723672971,-0.672600031455111,0.25697973666042
"RS_GCF_016428805.1",-0.918538587516192,-5.69584052123477,-0.0274041940157789,0.49912536368336,-0.505308911937532,-0.744902388200308,-0.821311552300968,-0.564529399907353,0.00331452838716432,0.388201690460788,0.31352577052867,-0.140629675181303,-0.113990567275337,0.546145450907855,0.423854292691828,0.502015447979249,-0.730279901527363,0.235263207457067
"RS_GCF_000687755.1",-1.47834794799764,-5.55874635102023,0.821866971893257,0.649697253881913,-0.533869875510005,-0.745548659836095,-0.0449021554745973,-0.402634179886719,0.15627499052435,0.323251694357502,-0.228000786712941,0.640957406441367,-0.0022290308543487,-0.122470724719846,-0.0980639788948529,0.847339939769173,-0.660676597389734,0.216838750112095
"GB_GCA_021805825.1",-0.111345565926618,0.52426857249516,-1.13636512139767,1.10283390804752,-0.233879385280687,-1.19871088984969,-0.527468102546903,-0.284262780062231,0.273610660434803,0.483541787711078,0.452129309526305,0.492066423004489,0.0724192232983863,0.83230911474841,0.239856567625539,-0.161984156861506,-0.329852172742854,-0.0509686933003131
"RS_GCF_007556685.1",-0.861733102123433,-5.74674702305914,0.1860951234033,0.365915727151895,-0.179654074564522,-0.699767865804454,0.0112334141186951,-0.187951076065167,0.122241486870185,0.282383858040686,0.128025202250334,0.172779823815875,-0.137494816976927,0.448426254835137,0.531227025288179,0.486254723672971,-0.672600031455111,0.25697973666042
"GB_GCA_002256145.1",-0.861733102123433,-5.74674702305914,0.1860951234033,0.365915727151895,-0.179654074564522,-0.699767865804454,0.0112334141186951,-0.187951076065167,0.122241486870185,0.282383858040686,0.128025202250334,0.172779823815875,-0.137494816976927,0.448426254835137,0.531227025288179,0.486254723672971,-0.672600031455111,0.25697973666042
"RS_GCF_003347515.1",-4.28175112841036,-4.86809975357335,-1.27141953616034,-0.250208430164079,-0.000294029254002099,-0.861812370433267,-0.927428318556241,0.104550671693228,0.679125296016369,0.8715254676587,0.0695308053955262,-0.149688534986141,6.99793760138684e-05,0.345138266847618,0.302397804661789,0.368232354933719,-0.763535874184168,0.253951440345513
"GB_GCA_001797315.1",-1.84657625586318,-5.34584740924848,-1.07093941054166,1.45228271332463,-0.80773417053433,-0.913209615785418,-0.391150855140249,-0.266795146980701,0.11412634648579,0.320942419578593,0.485667470929975,0.254257071881091,-0.047729757560446,1.07686344946306,0.428649736360621,0.231200796662136,-0.858718072107098,0.237656460784665
"GB_GCA_016868205.1",-0.861733102123433,-5.74674702305914,0.1860951234033,0.365915727151895,-0.179654074564522,-0.699767865804454,0.0112334141186951,-0.187951076065167,0.122241486870185,0.282383858040686,0.128025202250334,0.172779823815875,-0.137494816976927,0.448426254835137,0.531227025288179,0.486254723672971,-0.672600031455111,0.25697973666042
"RS_GCF_001044395.1",-2.27856168464793,-5.24225461731502,0.055242871939345,0.648270896129169,-0.878555080743313,-0.506740026991191,1.03075646735634,-1.51132369597361,0.410706669793779,0.247878517527563,0.326372267401242,-0.0926563294005893,-0.0555647299628961,-0.193695975211459,1.03617976964524,0.193184553028223,-0.64527178497178,0.300657849084521
"RS_GCF_022809125.1",-0.861733102123433,-5.74674702305914,0.1860951234033,0.365915727151895,-0.179654074564522,-0.699767865804454,0.0112334141186951,-0.187951076065167,0.122241486870185,0.282383858040686,0.128025202250334,0.172779823815875,-0.137494816976927,0.448426254835137,0.531227025288179,0.486254723672971,-0.672600031455111,0.25697973666042
"GB_GCA_013297875.1",-1.0390449854847,-5.63480097565766,-0.102622240983736,0.768497045430179,-0.402335034228886,-0.64697526075429,0.379332125083461,-0.0785861668953739,0.542667875769432,0.380121487051107,0.196594222970364,-0.285784744896582,-0.254524936970647,0.396082938530781,0.2684891706643,0.349169906334039,-0.872875355235475,0.259184721442331
"RS_GCF_003350475.1",-0.861733102123433,-5.74674702305914,0.1860951234033,0.365915727151895,-0.179654074564522,-0.699767865804454,0.0112334141186951,-0.187951076065167,0.122241486870185,0.282383858040686,0.128025202250334,0.172779823815875,-0.137494816976927,0.448426254835137,0.531227025288179,0.486254723672971,-0.672600031455111,0.25697973666042
"RS_GCF_014302995.1",-1.0390449854847,-5.63480097565766,-0.102622240983736,0.768497045430179,-0.402335034228886,-0.64697526075429,0.379332125083461,-0.0785861668953739,0.542667875769432,0.380121487051107,0.196594222970364,-0.285784744896582,-0.254524936970647,0.396082938530781,0.2684891706643,0.349169906334039,-0.872875355235475,0.259184721442331
"RS_GCF_013376045.1",-1.0390449854847,-5.63480097565766,-0.102622240983736,0.768497045430179,-0.402335034228886,-0.64697526075429,0.379332125083461,-0.0785861668953739,0.542667875769432,0.380121487051107,0.196594222970364,-0.285784744896582,-0.254524936970647,0.396082938530781,0.2684891706643,0.349169906334039,-0.872875355235475,0.259184721442331
"RS_GCF_019207085.1",-1.78732143059243,-5.51209743427766,-0.0514824557803993,0.327750257639003,-0.221479636033436,-1.03733268468049,-1.00599589200298,-0.882011553973561,-0.120603547524464,0.160284382684545,-1.0311702243625,-0.304435850844512,-0.481710574785661,0.0783115803017903,0.194581656572342,0.361207444145964,-0.796313669593257,0.210598592046777
"GB_GCA_018241325.1",-3.6117358122948,-5.05063261010977,0.486680435102432,-0.901765805121307,0.307343252208994,-0.883575870328549,-0.609377431423605,-1.79337593777937,0.441746129568613,0.0652186958634028,0.42204255188457,-0.44734575165089,-0.192816173527556,0.279891844808985,-0.262627203101723,1.11486075969601,-0.665487752121362,0.193409417583694
"RS_GCF_021496925.1",-4.31609072890522,-4.80146617996557,-1.05493023661031,-0.125382560253854,0.21965848717324,-1.05759385079891,-0.0386580713265809,-1.55114967127285,0.267889288181837,0.348759582758036,0.435204002315627,-0.391760045929706,0.0049147452042078,0.838965509405595,0.175385743421669,0.467708317254614,-0.79650015031074,0.220995145449527
"GB_GCA_018242005.1",-4.31609072890522,-4.80146617996557,-1.05493023661031,-0.125382560253854,0.21965848717324,-1.05759385079891,-0.0386580713265809,-1.55114967127285,0.267889288181837,0.348759582758036,0.435204002315627,-0.391760045929706,0.0049147452042078,0.838965509405595,0.175385743421669,0.467708317254614,-0.79650015031074,0.220995145449527
"RS_GCF_004803635.1",0.816692102420372,0.17427546050887,-0.0928299048717877,0.149676558406257,0.0685458733161109,-1.03040366226458,-0.957628799707622,-0.581997032988882,0.162798842336177,0.550801058593273,0.279987609125,0.0971796759420954,0.00615841358349549,0.30159111619321,0.235061123956747,0.108830494455606,-0.201414002163118,-0.0533619466279108
"GB_GCA_013817345.1",-1.78823523652808,-5.4560495056294,0.320164716130196,0.811518548278114,-0.486198909724308,-0.581954670281039,0.369356100378114,-0.334922287058387,0.429882910430706,0.457967861534169,-0.0504167400421127,-0.303462241898893,0.389394599323264,-0.371563997773844,0.421898489757306,-0.114760003925298,-0.982634379526237,0.276423620999974
"RS_GCF_003100395.1",-4.50148298398296,-4.76589198374195,-1.27197397387576,-0.738323435687249,-0.311614249377103,-0.715606280158807,-0.323690784156901,-1.1277571927252,0.814212216353397,0.796654319176325,0.322079647142365,-0.0245740530761412,-0.294066974116977,0.671029153411547,0.45736205636918,0.376388213800798,-0.745956322525261,0.255940611811228
"GB_GCA_001770815.1",-3.68226981742046,-4.9984479505764,-1.14044438805481,0.617882480454937,0.207167987846618,-1.16544210396267,-0.682628357286671,-0.523647407612145,0.641433353754265,0.079725657471544,-0.408763919494217,-0.451727690550267,0.83067784254957,0.66154345223338,0.287122725185817,0.542943128296,-0.620564422754739,0.212986851890244
"GB_GCA_021153565.1",-0.861733102123433,-5.74674702305914,0.1860951234033,0.365915727151895,-0.179654074564522,-0.699767865804454,0.0112334141186951,-0.187951076065167,0.122241486870185,0.282383858040686,0.128025202250334,0.172779823815875,-0.137494816976927,0.448426254835137,0.531227025288179,0.486254723672971,-0.672600031455111,0.25697973666042
"GB_GCA_018241265.1",-2.81944925864314,-5.06626925737812,-0.150076998240875,1.67207832094637,-1.1063385395908,-0.84247827242692,-0.541685542781902,-0.467623280723586,0.286010040632466,0.0479886362848268,0.397636757887745,0.575880616219992,0.464719669716592,0.28086084711702,0.148841552599027,0.143608677527081,-0.965902868788219,0.229702885804072
"RS_GCF_004004565.1",-2.88281891875845,-5.36377336816345,-0.100453591375293,-1.08142538115119,0.303975347266083,-0.610012783341603,-0.565276800858047,-0.0214108581489582,1.19587142231022,0.489061832351927,-0.879530543347119,-0.166018945761918,0.441931063811904,-0.134830098388587,0.671676327060887,0.706676951853018,-0.383902554317272,0.267255594127702
"GB_GCA_016210745.1",-3.07161725584516,-5.07052684245993,-0.809927108495453,1.216921688172,-0.468293462741216,-1.08912777487546,-0.670234312890616,-0.570422330968244,0.128058461066672,-0.220796507808232,-0.591033248040151,-0.0561031420687097,-0.0382661239163103,0.383923956065937,0.548859920662573,-0.358284542402405,-1.04386007091949,0.245179256942108
"GB_GCA_005881895.1",-1.47834794799764,-5.55874635102023,0.821866971893257,0.649697253881913,-0.533869875510005,-0.745548659836095,-0.0449021554745973,-0.402634179886719,0.15627499052435,0.323251694357502,-0.228000786712941,0.640957406441367,-0.0022290308543487,-0.122470724719846,-0.0980639788948529,0.847339939769173,-0.660676597389734,0.216838750112095
"GB_GCA_009778785.1",-0.894166084975675,1.04191447504023,-1.83669785944833,-0.305521622027088,-1.22750690295826,2.22988746665374,-0.441682114613275,0.946599565903936,-1.42085336796182,-0.00136856776386209,0.427399866433178,0.161045453606295,-0.265114509738745,0.798917832177364,-0.442269285261582,0.287568025702876,-0.581780342185414,-0.0669212873150327
"GB_GCA_001953215.1",-2.49584910891972,-5.33502557820489,0.728139143370921,-0.305612068660315,-0.586226596882795,-0.527987701369156,-0.693441419398297,-0.0126777950849297,0.967165189108029,-0.162260490704678,-0.902819621922806,0.56890664406085,-0.558483011670849,-0.44080526059744,0.500196019683043,0.181787072278895,-0.804623974872382,0.274255524641331
"GB_GCA_021821945.1",-1.09585047087746,-5.58389447383328,-0.316121558402815,0.901706681961644,-0.727989871601896,-0.692109783150144,-0.453212841336202,-0.455164490737559,0.423740917286412,0.485939319471209,0.3820947912487,-0.59919424389376,-0.231020687269057,0.4938021346035,0.161116438067949,0.364930630640318,-0.930555225307727,0.237468192238977
"GB_GCA_013821425.1",-1.08541585386001,-5.64592034121705,0.684170578590157,0.542689831925707,-0.394394568125566,-0.694057112919207,-0.12932524881761,-0.13244308964504,0.406910146355587,-0.0684162997361422,0.287005452220581,0.512080865157086,-0.2689649259938,0.420070588793727,0.0980095224335798,0.862592514797253,-0.670025803845469,0.231787262122186
"GB_GCA_022843925.1",-0.861733102123433,-5.74674702305914,0.1860951234033,0.365915727151895,-0.179654074564522,-0.699767865804454,0.0112334141186951,-0.187951076065167,0.122241486870185,0.282383858040686,0.128025202250334,0.172779823815875,-0.137494816976927,0.448426254835137,0.531227025288179,0.486254723672971,-0.672600031455111,0.25697973666042
"GB_GCA_945885345.1",-1.75937715756234,-5.38513336515348,-0.44279257157515,1.33358145729207,-0.94850112988224,-0.814592777051644,-0.3111269154143,-0.669449125476038,0.01884260048122,0.742389118040622,-0.00867128198830684,-0.384626272021175,-0.115107167922775,-0.196762042911616,0.424359964920061,0.64946675369868,-0.601422975956442,0.244764736847718
"GB_GCA_016868015.1",-0.861733102123433,-5.74674702305914,0.1860951234033,0.365915727151895,-0.179654074564522,-0.699767865804454,0.0112334141186951,-0.187951076065167,0.122241486870185,0.282383858040686,0.128025202250334,0.172779823815875,-0.137494816976927,0.448426254835137,0.531227025288179,0.486254723672971,-0.672600031455111,0.25697973666042
"GB_GCA_018824405.1",-3.47421985803187,-5.15705331998253,-0.303102366602413,-0.933994098058526,0.405105107051441,-0.595578015402139,-0.156945338332531,0.292759651778555,1.10766682530001,0.930704535131214,-0.219542442564085,-0.689730351763815,-0.206725200034187,-0.335642244084656,0.142237238965469,0.486201464605622,-0.777693157312544,0.275479701003179
"RS_GCF_000744605.1",-2.26408598546667,-5.35948040886911,0.158390061062475,0.533136020277552,-0.0628943264357728,-0.822893419844337,0.100248667333094,-0.382213350882917,0.556599990350314,-0.161617440335718,-0.880106495999762,-0.596144958846383,-0.245061303326511,-0.296856554866337,0.388699354966253,-0.240315432730502,-1.05801735404787,0.266707517599774
"RS_GCF_000384375.1",-1.0390449854847,-5.63480097565766,-0.102622240983736,0.768497045430179,-0.402335034228886,-0.64697526075429,0.379332125083461,-0.0785861668953739,0.542667875769432,0.380121487051107,0.196594222970364,-0.285784744896582,-0.254524936970647,0.396082938530781,0.2684891706643,0.349169906334039,-0.872875355235475,0.259184721442331
"RS_GCF_003851125.1",-3.29530000758173,-4.96970016061784,-0.311851653308596,1.39369579294581,-0.68303395630226,-1.08341702199022,-0.810792975826921,-0.514914344548116,0.412727120552074,-0.57159666558506,-0.432052998069904,0.283197899272501,-0.169736232933183,0.355568290024527,0.115642417807974,0.0180532487218769,-1.04128584330985,0.219986782403873
"GB_GCA_001899765.1",-3.23353831455529,-4.97149525659869,-0.0640084090809592,1.41692828576075,-0.782527820141073,-0.88083610953762,-0.501452791221151,-0.262817679965866,-0.222620945276991,0.391893710053694,0.98905583795075,0.510733778930553,-0.0669064741357789,0.132392017725307,-0.117859680872512,0.0602180076186166,-1.15941814800313,0.235722007897639
"GB_GCA_023258975.1",-4.40828485107676,-4.53170854985571,-1.62727780868639,-0.923682686151139,-0.46080469245794,2.30829077493662,0.23570259706662,1.08379326219621,-0.934103716159337,-0.511002530423498,-0.61899393086568,-0.469339160951284,0.469639859810848,0.530432973589614,-0.287630395104953,0.976734586554104,-0.814812722125047,0.218750787078879
"RS_GCF_900119825.1",-2.71535909893942,-5.16210432229137,-1.09501767230628,1.28090760728027,-0.523904894630234,-1.2056399122656,-0.575835194842257,-0.58427730104691,-0.00979172942583819,0.0930251118023499,-0.859028523961196,0.0904508962178819,-0.41544976507077,0.60902957885699,0.199377100241135,0.0903927928288515,-0.924751840172992,0.212991845374375
"RS_GCF_014652315.1",-2.23950835000082,-5.25867341905166,-0.933243017238563,1.55929013528083,-0.947209477918769,-0.964701162702306,-0.306727761797237,-0.53698623722238,-0.136508809345447,0.712610413672237,-0.0293387680035471,0.383133613165373,0.219006137579005,0.534322135949483,0.232576235032188,0.215948221634056,-0.849368865651363,0.222707948774574
"RS_GCF_000007705.1",-3.29530000758173,-4.96970016061784,-0.311851653308596,1.39369579294581,-0.68303395630226,-1.08341702199022,-0.810792975826921,-0.514914344548116,0.412727120552074,-0.57159666558506,-0.432052998069904,0.283197899272501,-0.169736232933183,0.355568290024527,0.115642417807974,0.0180532487218769,-1.04128584330985,0.219986782403873
"RS_GCF_024580525.1",-3.23353831455529,-4.97149525659869,-0.0640084090809592,1.41692828576075,-0.782527820141073,-0.88083610953762,-0.501452791221151,-0.262817679965866,-0.222620945276991,0.391893710053694,0.98905583795075,0.510733778930553,-0.0669064741357789,0.132392017725307,-0.117859680872512,0.0602180076186166,-1.15941814800313,0.235722007897639
"RS_GCF_005886145.1",-3.23353831455529,-4.97149525659869,-0.0640084090809592,1.41692828576075,-0.782527820141073,-0.88083610953762,-0.501452791221151,-0.262817679965866,-0.222620945276991,0.391893710053694,0.98905583795075,0.510733778930553,-0.0669064741357789,0.132392017725307,-0.117859680872512,0.0602180076186166,-1.15941814800313,0.235722007897639
"RS_GCF_022749515.1",-3.23353831455529,-4.97149525659869,-0.0640084090809592,1.41692828576075,-0.782527820141073,-0.88083610953762,-0.501452791221151,-0.262817679965866,-0.222620945276991,0.391893710053694,0.98905583795075,0.510733778930553,-0.0669064741357789,0.132392017725307,-0.117859680872512,0.0602180076186166,-1.15941814800313,0.235722007897639
"RS_GCF_024170405.1",-2.3055006462083,-5.32148836858498,0.979526807444925,0.463770936119488,-0.480102561544275,-0.71252888195251,-0.93161348838187,-0.560551932892518,-0.333432763375617,0.459152980935889,0.816914137549445,0.115847031868159,-0.13316728385067,-0.398325980829893,-0.122655124541304,0.331032658935729,-1.03097997742339,0.233328754570041
"RS_GCF_900636765.1",-2.59576650690656,-5.16709593922021,-0.648152453427732,1.49530421617256,-0.891598046029752,-0.848189025312167,-0.401126879845597,-0.523131267143714,0.00134138114706354,0.398788794061655,0.238656507917498,0.236579574878781,0.596189778733465,0.30921651315843,0.582059055453626,-0.232729113597201,-0.968477096397861,0.254895360342307
"GB_GCA_020248265.1",-0.861733102123433,-5.74674702305914,0.1860951234033,0.365915727151895,-0.179654074564522,-0.699767865804454,0.0112334141186951,-0.187951076065167,0.122241486870185,0.282383858040686,0.128025202250334,0.172779823815875,-0.137494816976927,0.448426254835137,0.531227025288179,0.486254723672971,-0.672600031455111,0.25697973666042
"RS_GCF_002847015.1",-0.111345565926618,0.52426857249516,-1.13636512139767,1.10283390804752,-0.233879385280687,-1.19871088984969,-0.527468102546903,-0.284262780062231,0.273610660434803,0.483541787711078,0.452129309526305,0.492066423004489,0.0724192232983863,0.83230911474841,0.239856567625539,-0.161984156861506,-0.329852172742854,-0.0509686933003131
"RS_GCF_013255915.1",-0.547182387454303,0.774774313562811,-1.53153854575872,-0.771835347500302,-2.17916899909743,-1.02667852821584,0.172195826858022,-0.559091184780465,0.172683991498157,0.174895621352914,0.541329716845413,0.527703283254834,-0.140314312619339,1.04411095750791,0.366542887224912,-0.0882654390442874,-0.21948957762919,-0.0285181501003974
"GB_GCA_003533305.1",-0.327450531881702,0.672566543731414,-1.5309841080433,-0.283720341977131,-1.86784877897433,-1.1728846184903,-0.431541707541318,0.673216679637958,0.0375970711611292,0.249766769835289,0.288780875098574,0.402588801344834,0.153822640873652,0.718220070943984,0.211578635517522,-0.0964212979113661,-0.237069129288098,-0.0305073215661131
"RS_GCF_001676155.1",-0.331077421499219,0.626476342326557,-1.13691955911309,0.614718902524352,-0.545199605403788,-1.05250479957523,0.0762694318524365,-1.51657064448065,0.408697580771831,0.408670639228702,0.704678151273144,0.617180904914489,-0.221717730194605,1.15820000131234,0.39482081933293,-0.153828297994428,-0.312272621083947,-0.0489795218345974
"RS_GCF_019242955.1",-0.806928170437816,0.723045439086841,-1.29869421418081,0.336336374523789,-0.121895022115252,-1.29344354913852,-0.192838001192583,-1.56386170830518,0.53541466069144,-0.210914662641185,-0.125011604684505,0.324498187966999,-0.856173632844381,1.23290744421985,0.361621684541877,-0.279383726799632,-0.387655595605576,-0.0586956252347968
"RS_GCF_011045815.1",-0.331077421499219,0.626476342326557,-1.13691955911309,0.614718902524352,-0.545199605403788,-1.05250479957523,0.0762694318524365,-1.51657064448065,0.408697580771831,0.408670639228702,0.704678151273144,0.617180904914489,-0.221717730194605,1.15820000131234,0.39482081933293,-0.153828297994428,-0.312272621083947,-0.0489795218345974
"RS_GCF_023100685.1",-0.331077421499219,0.626476342326557,-1.13691955911309,0.614718902524352,-0.545199605403788,-1.05250479957523,0.0762694318524365,-1.51657064448065,0.408697580771831,0.408670639228702,0.704678151273144,0.617180904914489,-0.221717730194605,1.15820000131234,0.39482081933293,-0.153828297994428,-0.312272621083947,-0.0489795218345974
"RS_GCF_013282725.1",-0.0992759115457894,0.551241147678352,-0.978453774896245,-1.49928401915281,-1.87545208853716,-1.0084796862814,-0.253565716685633,-0.724362549453459,-0.0934792364271355,0.212376187866724,0.348520530428868,0.900576421378988,0.12753818316755,1.24447713781381,0.169963713668247,-0.250969319791799,-0.338997296744376,-0.0529681915011395
"RS_GCF_001642805.2",-0.111345565926618,0.52426857249516,-1.13636512139767,1.10283390804752,-0.233879385280687,-1.19871088984969,-0.527468102546903,-0.284262780062231,0.273610660434803,0.483541787711078,0.452129309526305,0.492066423004489,0.0724192232983863,0.83230911474841,0.239856567625539,-0.161984156861506,-0.329852172742854,-0.0509686933003131
"RS_GCF_000633355.1",-0.547182387454303,0.774774313562811,-1.53153854575872,-0.771835347500302,-2.17916899909743,-1.02667852821584,0.172195826858022,-0.559091184780465,0.172683991498157,0.174895621352914,0.541329716845413,0.527703283254834,-0.140314312619339,1.04411095750791,0.366542887224912,-0.0882654390442874,-0.21948957762919,-0.0285181501003974
"RS_GCF_003818135.1",-0.547182387454303,0.774774313562811,-1.53153854575872,-0.771835347500302,-2.17916899909743,-1.02667852821584,0.172195826858022,-0.559091184780465,0.172683991498157,0.174895621352914,0.541329716845413,0.527703283254834,-0.140314312619339,1.04411095750791,0.366542887224912,-0.0882654390442874,-0.21948957762919,-0.0285181501003974
"RS_GCF_001277215.2",-0.111345565926618,0.52426857249516,-1.13636512139767,1.10283390804752,-0.233879385280687,-1.19871088984969,-0.527468102546903,-0.284262780062231,0.273610660434803,0.483541787711078,0.452129309526305,0.492066423004489,0.0724192232983863,0.83230911474841,0.239856567625539,-0.161984156861506,-0.329852172742854,-0.0509686933003131
"RS_GCF_009707385.1",-0.331077421499219,0.626476342326557,-1.13691955911309,0.614718902524352,-0.545199605403788,-1.05250479957523,0.0762694318524365,-1.51657064448065,0.408697580771831,0.408670639228702,0.704678151273144,0.617180904914489,-0.221717730194605,1.15820000131234,0.39482081933293,-0.153828297994428,-0.312272621083947,-0.0489795218345974
"RS_GCF_943590815.1",-0.331077421499219,0.626476342326557,-1.13691955911309,0.614718902524352,-0.545199605403788,-1.05250479957523,0.0762694318524365,-1.51657064448065,0.408697580771831,0.408670639228702,0.704678151273144,0.617180904914489,-0.221717730194605,1.15820000131234,0.39482081933293,-0.153828297994428,-0.312272621083947,-0.0489795218345974
"GB_GCA_900478215.1",-0.547182387454303,0.774774313562811,-1.53153854575872,-0.771835347500302,-2.17916899909743,-1.02667852821584,0.172195826858022,-0.559091184780465,0.172683991498157,0.174895621352914,0.541329716845413,0.527703283254834,-0.140314312619339,1.04411095750791,0.366542887224912,-0.0882654390442874,-0.21948957762919,-0.0285181501003974
"GB_GCA_004346725.1",-0.331077421499219,0.626476342326557,-1.13691955911309,0.614718902524352,-0.545199605403788,-1.05250479957523,0.0762694318524365,-1.51657064448065,0.408697580771831,0.408670639228702,0.704678151273144,0.617180904914489,-0.221717730194605,1.15820000131234,0.39482081933293,-0.153828297994428,-0.312272621083947,-0.0489795218345974
"GB_GCA_901472455.1",0.149053770939258,0.500016396224727,-0.646469113449674,0.389010224535595,-0.546491257367258,-0.902396413924564,0.0718702782353731,-1.64903353273431,0.564048990598498,0.438449343597088,0.725345637288384,-0.150578980272058,-0.555831035696385,0.42711582245124,0.586604549220803,0.279690234070196,-0.0643267313890252,-0.0269227337614529
"RS_GCF_001729805.1",-0.331077421499219,0.626476342326557,-1.13691955911309,0.614718902524352,-0.545199605403788,-1.05250479957523,0.0762694318524365,-1.51657064448065,0.408697580771831,0.408670639228702,0.704678151273144,0.617180904914489,-0.221717730194605,1.15820000131234,0.39482081933293,-0.153828297994428,-0.312272621083947,-0.0489795218345974
"RS_GCF_012271765.1",0.368785626511859,0.39780862639333,-0.645914675734259,0.877125230058765,-0.235171037244158,-1.04860250419902,-0.531867256163967,-0.416725668315889,0.42896207026147,0.513320492079463,0.472796795541545,-0.275693462182059,-0.261694082203394,0.101224935887312,0.431640297513412,0.271534375203118,-0.0819062830479325,-0.0289119052271687
"RS_GCF_014946725.1",0.816692102420372,0.17427546050887,-0.0928299048717877,0.149676558406257,0.0685458733161109,-1.03040366226458,-0.957628799707622,-0.581997032988882,0.162798842336177,0.550801058593273,0.279987609125,0.0971796759420954,0.00615841358349549,0.30159111619321,0.235061123956747,0.108830494455606,-0.201414002163118,-0.0533619466279108
"RS_GCF_000295955.2",0.816692102420372,0.17427546050887,-0.0928299048717877,0.149676558406257,0.0685458733161109,-1.03040366226458,-0.957628799707622,-0.581997032988882,0.162798842336177,0.550801058593273,0.279987609125,0.0971796759420954,0.00615841358349549,0.30159111619321,0.235061123956747,0.108830494455606,-0.201414002163118,-0.0533619466279108
"GB_GCA_019429245.1",-0.559144291121538,0.809622631690059,-0.700881790137019,0.634895901554131,0.88593097187276,2.31323532827842,-0.113201999470391,-0.00500615271130973,-0.137363154056883,-1.12094467318913,-0.727198341501796,-0.577917228868063,-0.429781600160326,0.0822741505561393,0.468150028432584,0.148920880383085,-0.369913551926215,-0.0271571556987668
"GB_GCA_903876875.1",-0.208311989430749,-1.08740197165028,-0.464470921292421,-1.53888511727491,-0.917485271522671,-0.962316989806753,-0.303148503527677,0.674142128481414,0.186614670919508,-0.548986867861606,-0.718220346100671,-0.0559985155840924,-0.741696159879441,0.199477637766068,-0.494925752306938,-0.974946032925031,1.83313733940428,0.148096321335932
"RS_GCF_000015045.1",0.36693412799719,0.332661830457413,-0.218680491900613,-1.03552898071703,-0.285191363165646,-1.54236918871274,-0.0132321584970723,0.281377208181308,-0.373893636706427,-0.856271829990794,-0.785426794365454,-0.338757156521439,-0.271416601871419,0.332426675217621,-0.00101952329348289,0.124397303748081,-0.176877890943218,-0.0558456154522586
"RS_GCF_020179605.1",-0.979710864349084,-0.53329159162862,-0.907203731643564,-0.0291327341616115,-0.317786857077225,2.23513865726358,0.26287347616523,0.498453270193679,-0.905514292047741,-1.94322420177231,-0.59709161731822,-1.1190081952975,-0.220694301950712,0.171108781288257,-0.61798675858391,-0.702219390432254,1.63179706630508,0.12735522010022
"RS_GCF_000426865.1",-0.531804388440571,-0.756824757513079,-0.354118960781093,-0.75658140581412,-0.014069946516956,2.25333749919803,-0.162888067378425,0.333181905520685,-1.17167751997303,-1.9057436352585,-0.789900803734764,-0.746135057173349,0.0471581938361772,0.371474961594156,-0.814565932140576,-0.864923271179765,1.5122893471899,0.102905178699477
"RS_GCF_017338855.1",-0.0229197343530109,-1.1229761678739,-0.247427184026975,-0.925944241841514,-0.386212534972328,-1.30430456044685,-0.0181157906973569,0.250749649933761,-0.359708257252052,-0.996881604279896,-0.605095990927409,-0.423184508437658,-0.442714440558256,0.367413993760117,-0.776902065254449,-0.883625929471215,1.7825935116188,0.11315085497423
"RS_GCF_018501225.1",-0.979710864349084,-0.53329159162862,-0.907203731643564,-0.0291327341616115,-0.317786857077225,2.23513865726358,0.26287347616523,0.498453270193679,-0.905514292047741,-1.94322420177231,-0.59709161731822,-1.1190081952975,-0.220694301950712,0.171108781288257,-0.61798675858391,-0.702219390432254,1.63179706630508,0.12735522010022
"GB_GCA_013619105.1",0.36693412799719,0.332661830457413,-0.218680491900613,-1.03552898071703,-0.285191363165646,-1.54236918871274,-0.0132321584970723,0.281377208181308,-0.373893636706427,-0.856271829990794,-0.785426794365454,-0.338757156521439,-0.271416601871419,0.332426675217621,-0.00101952329348289,0.124397303748081,-0.176877890943218,-0.0558456154522586
"GB_GCA_002868905.1",-0.144833520657484,-0.961126012357159,-0.46163427521174,0.0810178878854081,1.03301527873733,2.45298666108861,-0.449448057165971,-0.214760045710517,-0.527191193020311,-0.910252261353837,-1.00767200040134,-0.142917404373537,-0.710410584214734,0.542733272195588,-0.853794507506486,-0.573128898352465,1.58915836226712,0.0852018617592458
"GB_GCA_919902495.1",-0.422983330548925,-0.900874264362625,0.878276619647441,-1.09763263524082,-1.5396753851934,-0.553794267014713,-0.071900145577526,0.988827652210189,0.033724942613972,0.301648257176736,0.0347784269896024,-0.382298672343835,0.154278799898296,0.869132683309898,0.303560494725128,-1.2901257413883,2.04417205920982,0.18078438410062
"GB_GCA_002011795.1",-0.155043254503197,0.716613889485433,0.692816220589038,-0.200255244389414,-0.0194263996770591,2.96543232625486,-0.498348779845856,0.553945514813459,-0.147943372608661,0.528887374391897,-0.548128385922374,-0.0176042163634943,0.0578804949286552,1.00946464320287,1.00255059443406,0.02839452294975,-0.108734492703881,-0.0161610795408518
"GB_GCA_012026685.1",-0.503860115410488,-0.629860688388904,-0.745429076575843,0.249249793838951,-0.74109144036576,2.47607740682688,0.53198090921025,0.545744334018208,-1.03223137196735,-1.32363889990242,0.232598138639429,-0.826325478350012,0.413761600699064,0.0964013383807502,-0.584787623792858,-0.57666396162705,1.70718004082671,0.137071323500419
"GB_GCA_019309545.1",0.397646838874535,0.219938055444777,-0.0411052425204299,-0.261915606125771,0.817505293977656,-1.22620788943202,-0.394191266332978,-0.252709772971227,0.408442880738806,-0.174602075696716,-0.735202715110985,0.117906457991782,-0.65180173876787,0.278579363027999,0.309234721762045,-0.0324856586558761,-0.219117106612495,-0.0413615208247566
"RS_GCF_900129305.1",0.245020341692717,0.494511985974156,-0.432887583085378,-0.0285668509901073,1.13403645054401,2.21492203282273,-0.444564424965687,-0.184132487462969,-0.541376572474686,-0.769642487064735,-1.18800280383939,-0.0584900524573174,-0.539112745527897,0.507745953653092,-0.0779119655455201,0.43489433486683,-0.370313040294903,-0.0837946086672425
"RS_GCF_000422285.1",0.245020341692717,0.494511985974156,-0.432887583085378,-0.0285668509901073,1.13403645054401,2.21492203282273,-0.444564424965687,-0.184132487462969,-0.541376572474686,-0.769642487064735,-1.18800280383939,-0.0584900524573174,-0.539112745527897,0.507745953653092,-0.0779119655455201,0.43489433486683,-0.370313040294903,-0.0837946086672425
"GB_GCA_024225635.1",0.245020341692717,0.494511985974156,-0.432887583085378,-0.0285668509901073,1.13403645054401,2.21492203282273,-0.444564424965687,-0.184132487462969,-0.541376572474686,-0.769642487064735,-1.18800280383939,-0.0584900524573174,-0.539112745527897,0.507745953653092,-0.0779119655455201,0.43489433486683,-0.370313040294903,-0.0837946086672425
"GB_GCA_015232465.1",0.245020341692717,0.494511985974156,-0.432887583085378,-0.0285668509901073,1.13403645054401,2.21492203282273,-0.444564424965687,-0.184132487462969,-0.541376572474686,-0.769642487064735,-1.18800280383939,-0.0584900524573174,-0.539112745527897,0.507745953653092,-0.0779119655455201,0.43489433486683,-0.370313040294903,-0.0837946086672425
"GB_GCA_014237455.1",0.720871090631314,0.397942889213872,-0.271112928017657,0.249815677010455,0.710731867255476,2.45586078238602,-0.175456991920667,-0.136841423638439,-0.668093652394294,-0.150057185194848,-0.358313047881736,0.234192664490173,0.0953431571218788,0.433038510745584,-0.044712830754467,0.560449763672035,-0.294930065773274,-0.0740785052670431
"RS_GCF_000468495.1",0.36693412799719,0.332661830457413,-0.218680491900613,-1.03552898071703,-0.285191363165646,-1.54236918871274,-0.0132321584970723,0.281377208181308,-0.373893636706427,-0.856271829990794,-0.785426794365454,-0.338757156521439,-0.271416601871419,0.332426675217621,-0.00101952329348289,0.124397303748081,-0.176877890943218,-0.0558456154522586
"GB_GCA_910578585.1",0.842784876935786,0.236092733697129,-0.0569058368328924,-0.757146452716467,-0.708495946454181,-1.30143043914944,0.255875274547947,0.328668272005838,-0.500610716626036,-0.236686528120907,0.0442629615921952,-0.0460744395739479,0.363039300778357,0.257719232310114,0.0321796114975701,0.249952732553285,-0.101494916421589,-0.0461295120520592
"RS_GCF_022508225.1",0.657392621858048,0.271666929920747,-0.273949574098338,-1.37008732814986,-1.23976868300452,-0.959442868509339,-0.029157438282373,0.752060750553491,0.0457122115455238,0.211208208297382,-0.0688613935810668,0.321111553279617,0.0640575814571713,0.0897828763160655,0.314155924445081,0.158632629099469,-0.0509510886361101,-0.0111840456903572
"GB_GCA_015482765.1",0.245020341692717,0.494511985974156,-0.432887583085378,-0.0285668509901073,1.13403645054401,2.21492203282273,-0.444564424965687,-0.184132487462969,-0.541376572474686,-0.769642487064735,-1.18800280383939,-0.0584900524573174,-0.539112745527897,0.507745953653092,-0.0779119655455201,0.43489433486683,-0.370313040294903,-0.0837946086672425
"GB_GCA_000307955.1",0.31012864260443,0.38356833228179,-0.432179809319692,-0.902319344185564,-0.610846200538656,-1.58750371110859,-0.845777124916736,-0.0952011156608765,-0.492820595189448,-0.750453997570692,-0.599926226087118,-0.652166655518616,-0.247912352169829,0.43014587129034,-0.108392255889834,0.140158028054359,-0.23455776101547,-0.0775621446556122
"RS_GCF_009856865.1",-0.0461295143013116,0.475145812113234,-0.147089245508861,-0.966305263293834,-0.555234768649639,-1.47099157371845,-0.940176242965095,-0.0813461455822103,-0.354970404696937,-1.06427561718127,-0.331930950166073,-0.798720693805207,0.129271288984631,0.205040248499286,0.241090564531605,-0.308519307176898,-0.353665991761968,-0.0453747330878787
"RS_GCF_000420485.1",0.245020341692717,0.494511985974156,-0.432887583085378,-0.0285668509901073,1.13403645054401,2.21492203282273,-0.444564424965687,-0.184132487462969,-0.541376572474686,-0.769642487064735,-1.18800280383939,-0.0584900524573174,-0.539112745527897,0.507745953653092,-0.0779119655455201,0.43489433486683,-0.370313040294903,-0.0837946086672425
"GB_GCA_018822105.1",0.36693412799719,0.332661830457413,-0.218680491900613,-1.03552898071703,-0.285191363165646,-1.54236918871274,-0.0132321584970723,0.281377208181308,-0.373893636706427,-0.856271829990794,-0.785426794365454,-0.338757156521439,-0.271416601871419,0.332426675217621,-0.00101952329348289,0.124397303748081,-0.176877890943218,-0.0558456154522586
"GB_GCA_024280455.1",0.0596280866149787,0.530086182197774,-0.649931320350824,-0.641507726423503,0.602763713993668,2.55690960346282,-0.729597137796007,0.239259991084684,0.00494635569687451,-0.321747750646445,-1.30112715901265,0.308695940396248,-0.838094464849082,0.339809597659043,0.204064347401991,0.343574231413014,-0.319769212509424,-0.0488491423055405
"RS_GCF_016446285.1",0.0106759710914479,0.424239310288857,0.0664100719102174,-1.0995148998253,-0.229579931276629,-1.4258570513226,-0.107631276545432,0.295232178259975,-0.236043446213917,-1.17009344960138,-0.517431518444409,-0.48531119480803,0.105767039283041,0.107321052426568,0.348463297127956,-0.324280031483176,-0.295986121689716,-0.0236582038845251
"GB_GCA_018817385.1",-0.190816479834967,0.745017727041807,-0.828061007446423,-1.90323610653793,-0.811253163272735,2.38695439445657,0.255099504439238,-0.458960892181204,-0.642303241411331,-1.0782886534229,-1.09880239652028,-0.0228531922069727,-0.751846281445622,0.719547796412594,0.0487743540538531,0.50861305268405,-0.259950445181239,-0.0613440654673267
"GB_GCA_015662865.1",0.0596280866149787,0.530086182197774,-0.649931320350824,-0.641507726423503,0.602763713993668,2.55690960346282,-0.729597137796007,0.239259991084684,0.00494635569687451,-0.321747750646445,-1.30112715901265,0.308695940396248,-0.838094464849082,0.339809597659043,0.204064347401991,0.343574231413014,-0.319769212509424,-0.0488491423055405
"GB_GCA_023230525.1",-0.14195052609037,0.698813240818236,-0.325372268654731,-0.866166144689635,0.0869512252897259,2.01527287093215,-0.15800443517814,0.363809463768233,-1.18586289942741,-1.76513386096939,-0.970231607172809,-0.66170770525713,0.218456032523014,0.33648764305166,-0.0386833901796095,0.143099962039531,-0.447182055372124,-0.066091291727011
"GB_GCA_015494395.1",0.0596280866149787,0.530086182197774,-0.649931320350824,-0.641507726423503,0.602763713993668,2.55690960346282,-0.729597137796007,0.239259991084684,0.00494635569687451,-0.321747750646445,-1.30112715901265,0.308695940396248,-0.838094464849082,0.339809597659043,0.204064347401991,0.343574231413014,-0.319769212509424,-0.0488491423055405
"GB_GCA_025059715.1",0.36693412799719,0.332661830457413,-0.218680491900613,-1.03552898071703,-0.285191363165646,-1.54236918871274,-0.0132321584970723,0.281377208181308,-0.373893636706427,-0.856271829990794,-0.785426794365454,-0.338757156521439,-0.271416601871419,0.332426675217621,-0.00101952329348289,0.124397303748081,-0.176877890943218,-0.0558456154522586
"RS_GCF_000737325.1",0.696185704451867,0.235315006085975,-0.168047951839745,0.419048240153075,0.171519751024757,-0.932476534818558,0.243014877676807,-0.0960537999769037,0.702152189718445,0.542720855183591,0.163056061566694,-0.0479753937731843,-0.134375956111815,0.151528603816136,0.0796960019292188,-0.0440150471896033,-0.34400945587123,-0.0294404326426467
"RS_GCF_000024805.1",0.483643725462931,-1.33226903964682,0.0919227204209296,0.126051660750307,0.293179538882439,-0.747204511602838,-0.129967465488243,-0.236046267394245,0.295911180273573,0.304373451884069,0.27481784428471,0.326161823023054,-0.188643674804932,0.238859238662988,-0.433448685407868,-0.914953463069967,1.81573727047115,0.137351053001931
"GB_GCA_014879945.1",-0.544177181756322,0.610444886346917,0.950025164627812,-0.792500880280339,-0.683289596060925,-1.26905693290164,0.145573338467046,0.332645739020673,-0.837358008388818,-0.165735237645806,0.54765132861297,0.210402267475513,0.343862584203024,-0.686752199427635,-0.514329805735562,0.0789699435097654,-0.402194992317618,-0.0480639649390851
"GB_GCA_023423535.1",-0.649744314072936,0.742764406007599,1.54279516026376,-0.923435847386318,-1.7928700143322,-0.837639689312239,-0.123152082970534,0.804772106636185,0.0535730668137618,0.483125867782653,-0.501578365411717,0.170306262197877,0.460842424707711,0.26324838521242,0.450152032503062,0.0789827079272022,0.096624090713182,-0.0283530728741936
"RS_GCF_020037015.1",0.785979391543027,0.286999235521506,-0.270405154251971,-0.623936816185002,-1.03415078382719,-1.34656496154529,-0.576669691871716,-0.0479100518363465,-0.619537675109057,-0.130868695700805,0.229763529870531,-0.359483938571125,0.386543550479947,0.355438428382832,-0.075193121098781,0.265713456859563,-0.159174786493841,-0.0678460412554128
"RS_GCF_013340205.1",-0.929107774826552,0.931353449740804,-0.421243774864875,-1.02399975197766,-0.764326633379774,2.43735836012335,0.00838896251921166,0.825013972159656,-1.67978635389011,-0.0972989503429368,-0.0530131995624242,0.147582139127072,0.138217591345516,-0.745189162756724,0.273034350939527,0.378480740540816,-0.185638282928639,-0.00811405526280248
"RS_GCF_000183745.1",-0.879338358835987,0.820706623036922,-1.0866681518941,-0.298701653595763,0.606815102621716,2.81984731939461,-0.141521323651747,0.512452313016972,0.795617586882662,0.247057530378826,0.171636387828526,-0.313673067548565,0.774636549634145,0.117249847822026,0.521588280694391,1.08438387643288,0.179308898545644,-0.0146879909887292
"RS_GCF_000794385.1",-0.154349796737698,0.539306286242485,0.350750660682507,0.856703779192843,-0.0686452615431745,-0.881245091527784,0.065719929271032,0.0292156120250898,0.970407878722403,-0.257119117728049,0.714271753154501,0.230463039869738,-0.0394847997673966,-0.249955549017871,0.455278347676603,0.183434106789865,-0.140760416112536,-0.000200438994316596
"RS_GCF_000430045.1",-0.304655099647899,0.65702167818396,-0.273689807576228,-0.131306204290709,-0.803648767286959,-1.55485727776194,0.271970722110278,0.502156559274429,0.176938250704267,-1.24455255428143,-0.433637357978662,-0.372329253304382,-0.670739206675181,0.103704828870312,-0.237657852591417,0.663438975619874,-0.0547959442183899,-0.0565880485897514
"GB_GCA_003327425.1",0.720871090631314,0.397942889213872,-0.271112928017657,0.249815677010455,0.710731867255476,2.45586078238602,-0.175456991920667,-0.136841423638439,-0.668093652394294,-0.150057185194848,-0.358313047881736,0.234192664490173,0.0953431571218788,0.433038510745584,-0.044712830754467,0.560449763672035,-0.294930065773274,-0.0740785052670431
"RS_GCF_021568855.1",0.397646838874535,0.219938055444777,-0.0411052425204299,-0.261915606125771,0.817505293977656,-1.22620788943202,-0.394191266332978,-0.252709772971227,0.408442880738806,-0.174602075696716,-0.735202715110985,0.117906457991782,-0.65180173876787,0.278579363027999,0.309234721762045,-0.0324856586558761,-0.219117106612495,-0.0413615208247566
"GB_GCA_017882445.1",0.602902995265883,0.23495607716747,-0.143697993928144,0.341334275249017,0.313164759793216,-1.05626058685333,-0.0674210007090691,-0.149512253643497,0.127462639845243,0.309765030648941,0.218727206543179,0.496280605527576,-0.168168211911263,0.0558490561189486,0.801750884733643,0.392858468235771,0.176048910804683,-0.0094003608057257
"GB_GCA_024330185.1",0.696185704451867,0.235315006085975,-0.168047951839745,0.419048240153075,0.171519751024757,-0.932476534818558,0.243014877676807,-0.0960537999769037,0.702152189718445,0.542720855183591,0.163056061566694,-0.0479753937731843,-0.134375956111815,0.151528603816136,0.0796960019292188,-0.0440150471896033,-0.34400945587123,-0.0294404326426467
"GB_GCA_016650365.1",0.201908360168043,0.44772880641104,0.0656600968716765,0.920689698301112,-0.124256693432192,-0.997757228917923,0.160119047319392,0.0153606419464236,0.832557688229892,0.0567025018825325,0.446276477233456,0.37701707815633,-0.416668440921857,-0.0248499262268173,0.105795527255164,0.632111442021122,-0.0216521853660384,-0.0323878505620501
"GB_GCA_024280015.1",0.425591111904618,0.346902124568952,-0.43241535831518,0.7439155935273,0.0904838001288521,-1.00346798180317,0.300677710255697,-0.0401473444737039,0.54788902874449,0.407502659659361,0.287296227263209,0.0377160368151189,-0.285198331904984,0.00350573981459296,0.539013030109764,0.255773650896839,-0.0242264129756804,-0.00719537602381512
"GB_GCA_020027475.1",0.425591111904618,0.346902124568952,-0.43241535831518,0.7439155935273,0.0904838001288521,-1.00346798180317,0.300677710255697,-0.0401473444737039,0.54788902874449,0.407502659659361,0.287296227263209,0.0377160368151189,-0.285198331904984,0.00350573981459296,0.539013030109764,0.255773650896839,-0.0242264129756804,-0.00719537602381512
"GB_GCA_014377705.1",-0.721065349831671,0.908654217551299,0.0450369092774746,0.834902499142886,0.571696614472903,2.52152699361626,0.0555795221990744,0.302598498291068,-0.488042560400546,-0.508254455327201,0.852890744489105,-0.0110803078688006,-0.458421950379794,-0.169257787784491,-0.198569573102501,0.567423430404107,-0.485471629009853,-0.0366144047432361
"RS_GCF_001515525.1",-0.577994601752681,0.739204051451941,0.310871804605425,0.190097826557789,-1.31081722607092,-1.24889793772539,0.53110213044995,0.293111502935947,-0.062563794554068,-0.547120877928483,0.14904143496651,-0.0973240333592015,0.607636232268506,-0.73864955034182,-0.0510493987073584,0.325064494165741,-0.0891719939875236,-0.0296330456319093
"RS_GCF_001758225.1",-0.154349796737698,0.539306286242485,0.350750660682507,0.856703779192843,-0.0686452615431745,-0.881245091527784,0.065719929271032,0.0292156120250898,0.970407878722403,-0.257119117728049,0.714271753154501,0.230463039869738,-0.0394847997673966,-0.249955549017871,0.455278347676603,0.183434106789865,-0.140760416112536,-0.000200438994316596
"RS_GCF_000383675.1",0.425591111904618,0.346902124568952,-0.43241535831518,0.7439155935273,0.0904838001288521,-1.00346798180317,0.300677710255697,-0.0401473444737039,0.54788902874449,0.407502659659361,0.287296227263209,0.0377160368151189,-0.285198331904984,0.00350573981459296,0.539013030109764,0.255773650896839,-0.0242264129756804,-0.00719537602381512
"RS_GCF_014646815.1",0.201908360168043,0.44772880641104,0.0656600968716765,0.920689698301112,-0.124256693432192,-0.997757228917923,0.160119047319392,0.0153606419464236,0.832557688229892,0.0567025018825325,0.446276477233456,0.37701707815633,-0.416668440921857,-0.0248499262268173,0.105795527255164,0.632111442021122,-0.0216521853660384,-0.0323878505620501
"RS_GCF_900111375.1",0.201908360168043,0.44772880641104,0.0656600968716765,0.920689698301112,-0.124256693432192,-0.997757228917923,0.160119047319392,0.0153606419464236,0.832557688229892,0.0567025018825325,0.446276477233456,0.37701707815633,-0.416668440921857,-0.0248499262268173,0.105795527255164,0.632111442021122,-0.0216521853660384,-0.0323878505620501
"RS_GCF_007828725.1",0.425591111904618,0.346902124568952,-0.43241535831518,0.7439155935273,0.0904838001288521,-1.00346798180317,0.300677710255697,-0.0401473444737039,0.54788902874449,0.407502659659361,0.287296227263209,0.0377160368151189,-0.285198331904984,0.00350573981459296,0.539013030109764,0.255773650896839,-0.0242264129756804,-0.00719537602381512
"GB_GCA_022650895.1",0.649814836076557,0.224195640526581,0.618744867734148,0.193241026648604,0.179460217128077,-0.979558386983475,-0.265642496224264,-0.14991072272657,0.5663944603046,0.0941830683963423,0.253467290816911,0.749890216280484,-0.148815945134968,0.175516254079082,-0.0907836463015013,0.469407561273611,-0.141159904481224,-0.0568378919627922
"RS_GCF_000706765.1",0.649814836076557,0.224195640526581,0.618744867734148,0.193241026648604,0.179460217128077,-0.979558386983475,-0.265642496224264,-0.14991072272657,0.5663944603046,0.0941830683963423,0.253467290816911,0.749890216280484,-0.148815945134968,0.175516254079082,-0.0907836463015013,0.469407561273611,-0.141159904481224,-0.0568378919627922
"RS_GCF_900105715.1",-0.132355572982987,0.639248130627539,0.961542418932987,1.14754557144291,-0.378753655703401,-0.94668539307932,0.216659090272883,0.268900131772003,0.668534849351455,0.60157394466157,0.101590218445035,-0.0954117572643118,-0.532333024948355,0.944618185015573,0.521599819074739,0.64005363998391,0.233107790664374,-0.0416033027652943
"RS_GCF_023101165.1",0.425591111904618,0.346902124568952,-0.43241535831518,0.7439155935273,0.0904838001288521,-1.00346798180317,0.300677710255697,-0.0401473444737039,0.54788902874449,0.407502659659361,0.287296227263209,0.0377160368151189,-0.285198331904984,0.00350573981459296,0.539013030109764,0.255773650896839,-0.0242264129756804,-0.00719537602381512
"RS_GCF_011326725.1",0.696185704451867,0.235315006085975,-0.168047951839745,0.419048240153075,0.171519751024757,-0.932476534818558,0.243014877676807,-0.0960537999769037,0.702152189718445,0.542720855183591,0.163056061566694,-0.0479753937731843,-0.134375956111815,0.151528603816136,0.0796960019292188,-0.0440150471896033,-0.34400945587123,-0.0294404326426467
"RS_GCF_004006235.1",0.425591111904618,0.346902124568952,-0.43241535831518,0.7439155935273,0.0904838001288521,-1.00346798180317,0.300677710255697,-0.0401473444737039,0.54788902874449,0.407502659659361,0.287296227263209,0.0377160368151189,-0.285198331904984,0.00350573981459296,0.539013030109764,0.255773650896839,-0.0242264129756804,-0.00719537602381512
"RS_GCF_004216665.1",0.696185704451867,0.235315006085975,-0.168047951839745,0.419048240153075,0.171519751024757,-0.932476534818558,0.243014877676807,-0.0960537999769037,0.702152189718445,0.542720855183591,0.163056061566694,-0.0479753937731843,-0.134375956111815,0.151528603816136,0.0796960019292188,-0.0440150471896033,-0.34400945587123,-0.0294404326426467
"RS_GCF_021129215.1",0.425591111904618,0.346902124568952,-0.43241535831518,0.7439155935273,0.0904838001288521,-1.00346798180317,0.300677710255697,-0.0401473444737039,0.54788902874449,0.407502659659361,0.287296227263209,0.0377160368151189,-0.285198331904984,0.00350573981459296,0.539013030109764,0.255773650896839,-0.0242264129756804,-0.00719537602381512
"RS_GCF_006337065.1",0.425591111904618,0.346902124568952,-0.43241535831518,0.7439155935273,0.0904838001288521,-1.00346798180317,0.300677710255697,-0.0401473444737039,0.54788902874449,0.407502659659361,0.287296227263209,0.0377160368151189,-0.285198331904984,0.00350573981459296,0.539013030109764,0.255773650896839,-0.0242264129756804,-0.00719537602381512
"RS_GCF_002929495.1",-0.211155282130458,0.590212788066862,0.137251343263428,0.989913415724308,-0.394300098916184,-0.926379613923638,-0.766825037148631,-0.347362711817095,0.851480920239382,-0.151301285307947,0.899772321432837,-0.0829464591274394,-0.0159805500658066,-0.152236352945152,0.347905615080251,0.199194831096143,-0.198440286184789,-0.0219169681976702
"RS_GCF_015752155.1",-0.545419215281488,0.781732112283361,1.03313366532474,1.2167692888661,-0.648797061187394,-0.875307778085036,-0.71028499419514,-0.093823221991516,0.687458081360945,0.39357015747109,0.555086062644416,-0.555375294548081,-0.131645134092305,0.817231758297238,0.763709906899826,0.207137029058932,0.056319689845624,-0.0311324204009143
"RS_GCF_004403065.1",-0.189161058375746,0.690154632451916,0.748043101513908,1.28075520797437,-0.704408493076411,-0.991819915475175,-0.61588587614678,-0.107678192070182,0.549607890868434,0.707391777081672,0.287090786723371,-0.408821256261489,-0.508828775246765,1.04233738108829,0.414227086478387,0.655814364290189,0.175427920592122,-0.0633198319686478
"RS_GCF_900169165.1",0.425591111904618,0.346902124568952,-0.43241535831518,0.7439155935273,0.0904838001288521,-1.00346798180317,0.300677710255697,-0.0401473444737039,0.54788902874449,0.407502659659361,0.287296227263209,0.0377160368151189,-0.285198331904984,0.00350573981459296,0.539013030109764,0.255773650896839,-0.0242264129756804,-0.00719537602381512
"RS_GCF_017808105.1",0.201908360168043,0.44772880641104,0.0656600968716765,0.920689698301112,-0.124256693432192,-0.997757228917923,0.160119047319392,0.0153606419464236,0.832557688229892,0.0567025018825325,0.446276477233456,0.37701707815633,-0.416668440921857,-0.0248499262268173,0.105795527255164,0.632111442021122,-0.0216521853660384,-0.0323878505620501
"RS_GCF_008831305.1",0.425591111904618,0.346902124568952,-0.43241535831518,0.7439155935273,0.0904838001288521,-1.00346798180317,0.300677710255697,-0.0401473444737039,0.54788902874449,0.407502659659361,0.287296227263209,0.0377160368151189,-0.285198331904984,0.00350573981459296,0.539013030109764,0.255773650896839,-0.0242264129756804,-0.00719537602381512
"RS_GCF_015708085.1",0.189839352967382,0.377440058823291,-0.0721067475363925,0.410557992672212,0.043121354309224,-0.984882971859048,-0.994365085177092,-0.512235607407016,0.146385871854733,0.101761243458461,0.672223050742561,0.0363170682438071,0.232519678944787,-0.0715373705993862,1.04386097255873,-0.0400581426892078,-0.000739190014066864,0.00107052155865423
"RS_GCF_002929275.1",0.639380219059107,0.286221507910353,-0.381547269258823,0.55225787668454,-0.154135086348253,-0.977611057214412,-0.589530088742856,-0.472632123819089,0.583225231235425,0.648538687603693,0.34855662984503,-0.361384892770362,-0.110871706410225,0.249247799888855,-0.0276767306671324,-0.0282543228833251,-0.401689325943482,-0.0511569618460002
"RS_GCF_017052465.1",0.639380219059107,0.286221507910353,-0.381547269258823,0.55225787668454,-0.154135086348253,-0.977611057214412,-0.589530088742856,-0.472632123819089,0.583225231235425,0.648538687603693,0.34855662984503,-0.361384892770362,-0.110871706410225,0.249247799888855,-0.0276767306671324,-0.0282543228833251,-0.401689325943482,-0.0511569618460002
"GB_GCA_023264815.1",0.368785626511859,0.39780862639333,-0.645914675734259,0.877125230058765,-0.235171037244158,-1.04860250419902,-0.531867256163967,-0.416725668315889,0.42896207026147,0.513320492079463,0.472796795541545,-0.275693462182059,-0.261694082203394,0.101224935887312,0.431640297513412,0.271534375203118,-0.0819062830479325,-0.0289119052271687
"RS_GCF_018613755.1",0.639380219059107,0.286221507910353,-0.381547269258823,0.55225787668454,-0.154135086348253,-0.977611057214412,-0.589530088742856,-0.472632123819089,0.583225231235425,0.648538687603693,0.34855662984503,-0.361384892770362,-0.110871706410225,0.249247799888855,-0.0276767306671324,-0.0282543228833251,-0.401689325943482,-0.0511569618460002
"RS_GCF_005047635.1",0.368785626511859,0.39780862639333,-0.645914675734259,0.877125230058765,-0.235171037244158,-1.04860250419902,-0.531867256163967,-0.416725668315889,0.42896207026147,0.513320492079463,0.472796795541545,-0.275693462182059,-0.261694082203394,0.101224935887312,0.431640297513412,0.271534375203118,-0.0819062830479325,-0.0289119052271687
"RS_GCF_018866305.1",0.425591111904618,0.346902124568952,-0.43241535831518,0.7439155935273,0.0904838001288521,-1.00346798180317,0.300677710255697,-0.0401473444737039,0.54788902874449,0.407502659659361,0.287296227263209,0.0377160368151189,-0.285198331904984,0.00350573981459296,0.539013030109764,0.255773650896839,-0.0242264129756804,-0.00719537602381512
"RS_GCF_000224415.1",0.368785626511859,0.39780862639333,-0.645914675734259,0.877125230058765,-0.235171037244158,-1.04860250419902,-0.531867256163967,-0.416725668315889,0.42896207026147,0.513320492079463,0.472796795541545,-0.275693462182059,-0.261694082203394,0.101224935887312,0.431640297513412,0.271534375203118,-0.0819062830479325,-0.0289119052271687
"RS_GCF_008580665.1",0.639380219059107,0.286221507910353,-0.381547269258823,0.55225787668454,-0.154135086348253,-0.977611057214412,-0.589530088742856,-0.472632123819089,0.583225231235425,0.648538687603693,0.34855662984503,-0.361384892770362,-0.110871706410225,0.249247799888855,-0.0276767306671324,-0.0282543228833251,-0.401689325943482,-0.0511569618460002
"RS_GCF_012271785.1",0.639380219059107,0.286221507910353,-0.381547269258823,0.55225787668454,-0.154135086348253,-0.977611057214412,-0.589530088742856,-0.472632123819089,0.583225231235425,0.648538687603693,0.34855662984503,-0.361384892770362,-0.110871706410225,0.249247799888855,-0.0276767306671324,-0.0282543228833251,-0.401689325943482,-0.0511569618460002
"RS_GCF_025028335.1",0.201908360168043,0.44772880641104,0.0656600968716765,0.920689698301112,-0.124256693432192,-0.997757228917923,0.160119047319392,0.0153606419464236,0.832557688229892,0.0567025018825325,0.446276477233456,0.37701707815633,-0.416668440921857,-0.0248499262268173,0.105795527255164,0.632111442021122,-0.0216521853660384,-0.0323878505620501
"RS_GCF_020297055.1",-0.189161058375746,0.690154632451916,0.748043101513908,1.28075520797437,-0.704408493076411,-0.991819915475175,-0.61588587614678,-0.107678192070182,0.549607890868434,0.707391777081672,0.287090786723371,-0.408821256261489,-0.508828775246765,1.04233738108829,0.414227086478387,0.655814364290189,0.175427920592122,-0.0633198319686478
"RS_GCF_003814695.1",0.696185704451867,0.235315006085975,-0.168047951839745,0.419048240153075,0.171519751024757,-0.932476534818558,0.243014877676807,-0.0960537999769037,0.702152189718445,0.542720855183591,0.163056061566694,-0.0479753937731843,-0.134375956111815,0.151528603816136,0.0796960019292188,-0.0440150471896033,-0.34400945587123,-0.0294404326426467
"RS_GCF_005239125.1",0.649814836076557,0.224195640526581,0.618744867734148,0.193241026648604,0.179460217128077,-0.979558386983475,-0.265642496224264,-0.14991072272657,0.5663944603046,0.0941830683963423,0.253467290816911,0.749890216280484,-0.148815945134968,0.175516254079082,-0.0907836463015013,0.469407561273611,-0.141159904481224,-0.0568378919627922
"RS_GCF_001929375.1",0.201908360168043,0.44772880641104,0.0656600968716765,0.920689698301112,-0.124256693432192,-0.997757228917923,0.160119047319392,0.0153606419464236,0.832557688229892,0.0567025018825325,0.446276477233456,0.37701707815633,-0.416668440921857,-0.0248499262268173,0.105795527255164,0.632111442021122,-0.0216521853660384,-0.0323878505620501
"RS_GCF_003606385.1",0.171195649290698,0.560452581423676,-0.111915152508507,0.147076323709854,-1.22695335057549,-1.31391852819864,0.541078155155298,0.549447623098959,0.0502211707846584,-0.624967252411545,0.396052397978987,-0.0796465363568912,-0.0362833040254055,0.0289973859628048,-0.204458717800364,0.788994404425079,0.020587030303239,-0.046871945189552
"RS_GCF_000159015.1",0.649814836076557,0.224195640526581,0.618744867734148,0.193241026648604,0.179460217128077,-0.979558386983475,-0.265642496224264,-0.14991072272657,0.5663944603046,0.0941830683963423,0.253467290816911,0.749890216280484,-0.148815945134968,0.175516254079082,-0.0907836463015013,0.469407561273611,-0.141159904481224,-0.0568378919627922
"RS_GCF_023715365.1",-0.488613729888729,0.730825610458983,1.24663298274382,1.08355965233464,-0.323142223814384,-0.830173255689181,0.122259972224524,0.282755101850669,0.806385039843965,0.287752325050988,0.36958549436608,-0.241965795550903,-0.155149383793895,0.719512562224519,0.871082639496177,0.191376304752653,0.113999559917876,-0.00941589119756078
"GB_GCA_020161245.1",0.425591111904618,0.346902124568952,-0.43241535831518,0.7439155935273,0.0904838001288521,-1.00346798180317,0.300677710255697,-0.0401473444737039,0.54788902874449,0.407502659659361,0.287296227263209,0.0377160368151189,-0.285198331904984,0.00350573981459296,0.539013030109764,0.255773650896839,-0.0242264129756804,-0.00719537602381512
"RS_GCF_010122465.1",0.425591111904618,0.346902124568952,-0.43241535831518,0.7439155935273,0.0904838001288521,-1.00346798180317,0.300677710255697,-0.0401473444737039,0.54788902874449,0.407502659659361,0.287296227263209,0.0377160368151189,-0.285198331904984,0.00350573981459296,0.539013030109764,0.255773650896839,-0.0242264129756804,-0.00719537602381512
"RS_GCF_006716315.1",0.696185704451867,0.235315006085975,-0.168047951839745,0.419048240153075,0.171519751024757,-0.932476534818558,0.243014877676807,-0.0960537999769037,0.702152189718445,0.542720855183591,0.163056061566694,-0.0479753937731843,-0.134375956111815,0.151528603816136,0.0796960019292188,-0.0440150471896033,-0.34400945587123,-0.0294404326426467
"RS_GCF_011300215.1",0.201908360168043,0.44772880641104,0.0656600968716765,0.920689698301112,-0.124256693432192,-0.997757228917923,0.160119047319392,0.0153606419464236,0.832557688229892,0.0567025018825325,0.446276477233456,0.37701707815633,-0.416668440921857,-0.0248499262268173,0.105795527255164,0.632111442021122,-0.0216521853660384,-0.0323878505620501
"RS_GCF_017310035.1",0.201908360168043,0.44772880641104,0.0656600968716765,0.920689698301112,-0.124256693432192,-0.997757228917923,0.160119047319392,0.0153606419464236,0.832557688229892,0.0567025018825325,0.446276477233456,0.37701707815633,-0.416668440921857,-0.0248499262268173,0.105795527255164,0.632111442021122,-0.0216521853660384,-0.0323878505620501
"RS_GCF_010686755.1",0.696185704451867,0.235315006085975,-0.168047951839745,0.419048240153075,0.171519751024757,-0.932476534818558,0.243014877676807,-0.0960537999769037,0.702152189718445,0.542720855183591,0.163056061566694,-0.0479753937731843,-0.134375956111815,0.151528603816136,0.0796960019292188,-0.0440150471896033,-0.34400945587123,-0.0294404326426467
"RS_GCF_003725535.1",0.425591111904618,0.346902124568952,-0.43241535831518,0.7439155935273,0.0904838001288521,-1.00346798180317,0.300677710255697,-0.0401473444737039,0.54788902874449,0.407502659659361,0.287296227263209,0.0377160368151189,-0.285198331904984,0.00350573981459296,0.539013030109764,0.255773650896839,-0.0242264129756804,-0.00719537602381512
"RS_GCF_019679455.1",0.201908360168043,0.44772880641104,0.0656600968716765,0.920689698301112,-0.124256693432192,-0.997757228917923,0.160119047319392,0.0153606419464236,0.832557688229892,0.0567025018825325,0.446276477233456,0.37701707815633,-0.416668440921857,-0.0248499262268173,0.105795527255164,0.632111442021122,-0.0216521853660384,-0.0323878505620501
"RS_GCF_019550915.1",0.425591111904618,0.346902124568952,-0.43241535831518,0.7439155935273,0.0904838001288521,-1.00346798180317,0.300677710255697,-0.0401473444737039,0.54788902874449,0.407502659659361,0.287296227263209,0.0377160368151189,-0.285198331904984,0.00350573981459296,0.539013030109764,0.255773650896839,-0.0242264129756804,-0.00719537602381512
"RS_GCF_004365875.1",0.696185704451867,0.235315006085975,-0.168047951839745,0.419048240153075,0.171519751024757,-0.932476534818558,0.243014877676807,-0.0960537999769037,0.702152189718445,0.542720855183591,0.163056061566694,-0.0479753937731843,-0.134375956111815,0.151528603816136,0.0796960019292188,-0.0440150471896033,-0.34400945587123,-0.0294404326426467
"RS_GCF_001997295.1",-0.185062507615044,0.65203006125512,0.173175411302324,0.0830904046015843,-1.17134191868648,-1.1974063908085,0.446679037106938,0.563302593177625,0.188071361277169,-0.938788872022127,0.664047673900032,-0.226200574643483,0.340900337129055,-0.196108236828248,0.145024102621074,0.340317069193822,-0.098521200443259,-0.0146845336218186
"RS_GCF_001997345.1",0.171195649290698,0.560452581423676,-0.111915152508507,0.147076323709854,-1.22695335057549,-1.31391852819864,0.541078155155298,0.549447623098959,0.0502211707846584,-0.624967252411545,0.396052397978987,-0.0796465363568912,-0.0362833040254055,0.0289973859628048,-0.204458717800364,0.788994404425079,0.020587030303239,-0.046871945189552
"RS_GCF_003932855.1",0.394878401027273,0.459625899581588,-0.609990607695364,-0.0296977810639583,-1.01221285701445,-1.31962928108389,0.681636818091603,0.493939636678832,-0.234447488700743,-0.274167094634717,0.23707214800874,-0.418947577698102,0.0951868049914674,0.0573530520042151,0.228758785054235,0.412656613300796,0.018012802693597,-0.0216794706513171
"RS_GCF_008326345.1",-0.154349796737698,0.539306286242485,0.350750660682507,0.856703779192843,-0.0686452615431745,-0.881245091527784,0.065719929271032,0.0292156120250898,0.970407878722403,-0.257119117728049,0.714271753154501,0.230463039869738,-0.0394847997673966,-0.249955549017871,0.455278347676603,0.183434106789865,-0.140760416112536,-0.000200438994316596
"RS_GCF_900155645.1",0.842784876935786,0.236092733697129,-0.0569058368328924,-0.757146452716467,-0.708495946454181,-1.30143043914944,0.255875274547947,0.328668272005838,-0.500610716626036,-0.236686528120907,0.0442629615921952,-0.0460744395739479,0.363039300778357,0.257719232310114,0.0321796114975701,0.249952732553285,-0.101494916421589,-0.0461295120520592
"RS_GCF_003344635.1",0.696185704451867,0.235315006085975,-0.168047951839745,0.419048240153075,0.171519751024757,-0.932476534818558,0.243014877676807,-0.0960537999769037,0.702152189718445,0.542720855183591,0.163056061566694,-0.0479753937731843,-0.134375956111815,0.151528603816136,0.0796960019292188,-0.0440150471896033,-0.34400945587123,-0.0294404326426467
"RS_GCF_004364645.1",0.696185704451867,0.235315006085975,-0.168047951839745,0.419048240153075,0.171519751024757,-0.932476534818558,0.243014877676807,-0.0960537999769037,0.702152189718445,0.542720855183591,0.163056061566694,-0.0479753937731843,-0.134375956111815,0.151528603816136,0.0796960019292188,-0.0440150471896033,-0.34400945587123,-0.0294404326426467
"RS_GCF_014141525.1",0.639380219059107,0.286221507910353,-0.381547269258823,0.55225787668454,-0.154135086348253,-0.977611057214412,-0.589530088742856,-0.472632123819089,0.583225231235425,0.648538687603693,0.34855662984503,-0.361384892770362,-0.110871706410225,0.249247799888855,-0.0276767306671324,-0.0282543228833251,-0.401689325943482,-0.0511569618460002
"RS_GCF_012726235.1",0.425591111904618,0.346902124568952,-0.43241535831518,0.7439155935273,0.0904838001288521,-1.00346798180317,0.300677710255697,-0.0401473444737039,0.54788902874449,0.407502659659361,0.287296227263209,0.0377160368151189,-0.285198331904984,0.00350573981459296,0.539013030109764,0.255773650896839,-0.0242264129756804,-0.00719537602381512
"RS_GCF_012273515.1",0.639380219059107,0.286221507910353,-0.381547269258823,0.55225787668454,-0.154135086348253,-0.977611057214412,-0.589530088742856,-0.472632123819089,0.583225231235425,0.648538687603693,0.34855662984503,-0.361384892770362,-0.110871706410225,0.249247799888855,-0.0276767306671324,-0.0282543228833251,-0.401689325943482,-0.0511569618460002
"RS_GCF_009377205.1",0.145102874775284,0.498635308235418,-0.147839220547402,1.05389933483258,-0.449911530805202,-1.04289175131378,-0.672425919100272,-0.361217681895761,0.713630729746872,0.162520334302635,0.631777045511792,0.0636075791591521,-0.393164191220267,0.0728692698459012,-0.00157720534118737,0.6478721663274,-0.0793320554382905,-0.0541043797654037
"RS_GCF_009377235.1",0.696185704451867,0.235315006085975,-0.168047951839745,0.419048240153075,0.171519751024757,-0.932476534818558,0.243014877676807,-0.0960537999769037,0.702152189718445,0.542720855183591,0.163056061566694,-0.0479753937731843,-0.134375956111815,0.151528603816136,0.0796960019292188,-0.0440150471896033,-0.34400945587123,-0.0294404326426467
"RS_GCF_012034205.1",0.368785626511859,0.39780862639333,-0.645914675734259,0.877125230058765,-0.235171037244158,-1.04860250419902,-0.531867256163967,-0.416725668315889,0.42896207026147,0.513320492079463,0.472796795541545,-0.275693462182059,-0.261694082203394,0.101224935887312,0.431640297513412,0.271534375203118,-0.0819062830479325,-0.0289119052271687
"RS_GCF_014205255.1",0.639380219059107,0.286221507910353,-0.381547269258823,0.55225787668454,-0.154135086348253,-0.977611057214412,-0.589530088742856,-0.472632123819089,0.583225231235425,0.648538687603693,0.34855662984503,-0.361384892770362,-0.110871706410225,0.249247799888855,-0.0276767306671324,-0.0282543228833251,-0.401689325943482,-0.0511569618460002
"RS_GCF_014648815.1",0.368785626511859,0.39780862639333,-0.645914675734259,0.877125230058765,-0.235171037244158,-1.04860250419902,-0.531867256163967,-0.416725668315889,0.42896207026147,0.513320492079463,0.472796795541545,-0.275693462182059,-0.261694082203394,0.101224935887312,0.431640297513412,0.271534375203118,-0.0819062830479325,-0.0289119052271687
"RS_GCF_003947455.1",0.368785626511859,0.39780862639333,-0.645914675734259,0.877125230058765,-0.235171037244158,-1.04860250419902,-0.531867256163967,-0.416725668315889,0.42896207026147,0.513320492079463,0.472796795541545,-0.275693462182059,-0.261694082203394,0.101224935887312,0.431640297513412,0.271534375203118,-0.0819062830479325,-0.0289119052271687
"RS_GCF_016921115.1",0.368785626511859,0.39780862639333,-0.645914675734259,0.877125230058765,-0.235171037244158,-1.04860250419902,-0.531867256163967,-0.416725668315889,0.42896207026147,0.513320492079463,0.472796795541545,-0.275693462182059,-0.261694082203394,0.101224935887312,0.431640297513412,0.271534375203118,-0.0819062830479325,-0.0289119052271687
"RS_GCF_002155905.1",0.639380219059107,0.286221507910353,-0.381547269258823,0.55225787668454,-0.154135086348253,-0.977611057214412,-0.589530088742856,-0.472632123819089,0.583225231235425,0.648538687603693,0.34855662984503,-0.361384892770362,-0.110871706410225,0.249247799888855,-0.0276767306671324,-0.0282543228833251,-0.401689325943482,-0.0511569618460002
"RS_GCF_017526105.1",0.639380219059107,0.286221507910353,-0.381547269258823,0.55225787668454,-0.154135086348253,-0.977611057214412,-0.589530088742856,-0.472632123819089,0.583225231235425,0.648538687603693,0.34855662984503,-0.361384892770362,-0.110871706410225,0.249247799888855,-0.0276767306671324,-0.0282543228833251,-0.401689325943482,-0.0511569618460002
"RS_GCF_002920615.1",0.639380219059107,0.286221507910353,-0.381547269258823,0.55225787668454,-0.154135086348253,-0.977611057214412,-0.589530088742856,-0.472632123819089,0.583225231235425,0.648538687603693,0.34855662984503,-0.361384892770362,-0.110871706410225,0.249247799888855,-0.0276767306671324,-0.0282543228833251,-0.401689325943482,-0.0511569618460002
"RS_GCF_008806595.1",-0.211155282130458,0.590212788066862,0.137251343263428,0.989913415724308,-0.394300098916184,-0.926379613923638,-0.766825037148631,-0.347362711817095,0.851480920239382,-0.151301285307947,0.899772321432837,-0.0829464591274394,-0.0159805500658066,-0.152236352945152,0.347905615080251,0.199194831096143,-0.198440286184789,-0.0219169681976702
"RS_GCF_003851625.1",0.639380219059107,0.286221507910353,-0.381547269258823,0.55225787668454,-0.154135086348253,-0.977611057214412,-0.589530088742856,-0.472632123819089,0.583225231235425,0.648538687603693,0.34855662984503,-0.361384892770362,-0.110871706410225,0.249247799888855,-0.0276767306671324,-0.0282543228833251,-0.401689325943482,-0.0511569618460002
"RS_GCF_000317595.1",0.425591111904618,0.346902124568952,-0.43241535831518,0.7439155935273,0.0904838001288521,-1.00346798180317,0.300677710255697,-0.0401473444737039,0.54788902874449,0.407502659659361,0.287296227263209,0.0377160368151189,-0.285198331904984,0.00350573981459296,0.539013030109764,0.255773650896839,-0.0242264129756804,-0.00719537602381512
"RS_GCF_900290235.1",0.696185704451867,0.235315006085975,-0.168047951839745,0.419048240153075,0.171519751024757,-0.932476534818558,0.243014877676807,-0.0960537999769037,0.702152189718445,0.542720855183591,0.163056061566694,-0.0479753937731843,-0.134375956111815,0.151528603816136,0.0796960019292188,-0.0440150471896033,-0.34400945587123,-0.0294404326426467
"RS_GCF_016598475.1",0.696185704451867,0.235315006085975,-0.168047951839745,0.419048240153075,0.171519751024757,-0.932476534818558,0.243014877676807,-0.0960537999769037,0.702152189718445,0.542720855183591,0.163056061566694,-0.0479753937731843,-0.134375956111815,0.151528603816136,0.0796960019292188,-0.0440150471896033,-0.34400945587123,-0.0294404326426467
"RS_GCF_004028635.1",0.368785626511859,0.39780862639333,-0.645914675734259,0.877125230058765,-0.235171037244158,-1.04860250419902,-0.531867256163967,-0.416725668315889,0.42896207026147,0.513320492079463,0.472796795541545,-0.275693462182059,-0.261694082203394,0.101224935887312,0.431640297513412,0.271534375203118,-0.0819062830479325,-0.0289119052271687
"RS_GCF_000721105.1",0.639380219059107,0.286221507910353,-0.381547269258823,0.55225787668454,-0.154135086348253,-0.977611057214412,-0.589530088742856,-0.472632123819089,0.583225231235425,0.648538687603693,0.34855662984503,-0.361384892770362,-0.110871706410225,0.249247799888855,-0.0276767306671324,-0.0282543228833251,-0.401689325943482,-0.0511569618460002
"RS_GCF_000720325.1",0.368785626511859,0.39780862639333,-0.645914675734259,0.877125230058765,-0.235171037244158,-1.04860250419902,-0.531867256163967,-0.416725668315889,0.42896207026147,0.513320492079463,0.472796795541545,-0.275693462182059,-0.261694082203394,0.101224935887312,0.431640297513412,0.271534375203118,-0.0819062830479325,-0.0289119052271687
"RS_GCF_004117935.1",0.639380219059107,0.286221507910353,-0.381547269258823,0.55225787668454,-0.154135086348253,-0.977611057214412,-0.589530088742856,-0.472632123819089,0.583225231235425,0.648538687603693,0.34855662984503,-0.361384892770362,-0.110871706410225,0.249247799888855,-0.0276767306671324,-0.0282543228833251,-0.401689325943482,-0.0511569618460002
"GB_GCA_002154345.1",0.639380219059107,0.286221507910353,-0.381547269258823,0.55225787668454,-0.154135086348253,-0.977611057214412,-0.589530088742856,-0.472632123819089,0.583225231235425,0.648538687603693,0.34855662984503,-0.361384892770362,-0.110871706410225,0.249247799888855,-0.0276767306671324,-0.0282543228833251,-0.401689325943482,-0.0511569618460002
"RS_GCF_002551245.1",0.639380219059107,0.286221507910353,-0.381547269258823,0.55225787668454,-0.154135086348253,-0.977611057214412,-0.589530088742856,-0.472632123819089,0.583225231235425,0.648538687603693,0.34855662984503,-0.361384892770362,-0.110871706410225,0.249247799888855,-0.0276767306671324,-0.0282543228833251,-0.401689325943482,-0.0511569618460002
"RS_GCF_002910915.1",0.639380219059107,0.286221507910353,-0.381547269258823,0.55225787668454,-0.154135086348253,-0.977611057214412,-0.589530088742856,-0.472632123819089,0.583225231235425,0.648538687603693,0.34855662984503,-0.361384892770362,-0.110871706410225,0.249247799888855,-0.0276767306671324,-0.0282543228833251,-0.401689325943482,-0.0511569618460002
"RS_GCF_018614575.1",0.696185704451867,0.235315006085975,-0.168047951839745,0.419048240153075,0.171519751024757,-0.932476534818558,0.243014877676807,-0.0960537999769037,0.702152189718445,0.542720855183591,0.163056061566694,-0.0479753937731843,-0.134375956111815,0.151528603816136,0.0796960019292188,-0.0440150471896033,-0.34400945587123,-0.0294404326426467
"RS_GCF_014489615.1",0.639380219059107,0.286221507910353,-0.381547269258823,0.55225787668454,-0.154135086348253,-0.977611057214412,-0.589530088742856,-0.472632123819089,0.583225231235425,0.648538687603693,0.34855662984503,-0.361384892770362,-0.110871706410225,0.249247799888855,-0.0276767306671324,-0.0282543228833251,-0.401689325943482,-0.0511569618460002
"RS_GCF_018614525.1",0.639380219059107,0.286221507910353,-0.381547269258823,0.55225787668454,-0.154135086348253,-0.977611057214412,-0.589530088742856,-0.472632123819089,0.583225231235425,0.648538687603693,0.34855662984503,-0.361384892770362,-0.110871706410225,0.249247799888855,-0.0276767306671324,-0.0282543228833251,-0.401689325943482,-0.0511569618460002
"RS_GCF_022695595.1",0.368785626511859,0.39780862639333,-0.645914675734259,0.877125230058765,-0.235171037244158,-1.04860250419902,-0.531867256163967,-0.416725668315889,0.42896207026147,0.513320492079463,0.472796795541545,-0.275693462182059,-0.261694082203394,0.101224935887312,0.431640297513412,0.271534375203118,-0.0819062830479325,-0.0289119052271687
"RS_GCF_000805335.1",0.368785626511859,0.39780862639333,-0.645914675734259,0.877125230058765,-0.235171037244158,-1.04860250419902,-0.531867256163967,-0.416725668315889,0.42896207026147,0.513320492079463,0.472796795541545,-0.275693462182059,-0.261694082203394,0.101224935887312,0.431640297513412,0.271534375203118,-0.0819062830479325,-0.0289119052271687
"GB_GCA_001704275.1",0.639380219059107,0.286221507910353,-0.381547269258823,0.55225787668454,-0.154135086348253,-0.977611057214412,-0.589530088742856,-0.472632123819089,0.583225231235425,0.648538687603693,0.34855662984503,-0.361384892770362,-0.110871706410225,0.249247799888855,-0.0276767306671324,-0.0282543228833251,-0.401689325943482,-0.0511569618460002
"RS_GCF_001294335.1",0.696185704451867,0.235315006085975,-0.168047951839745,0.419048240153075,0.171519751024757,-0.932476534818558,0.243014877676807,-0.0960537999769037,0.702152189718445,0.542720855183591,0.163056061566694,-0.0479753937731843,-0.134375956111815,0.151528603816136,0.0796960019292188,-0.0440150471896033,-0.34400945587123,-0.0294404326426467
"RS_GCF_002224125.1",0.368785626511859,0.39780862639333,-0.645914675734259,0.877125230058765,-0.235171037244158,-1.04860250419902,-0.531867256163967,-0.416725668315889,0.42896207026147,0.513320492079463,0.472796795541545,-0.275693462182059,-0.261694082203394,0.101224935887312,0.431640297513412,0.271534375203118,-0.0819062830479325,-0.0289119052271687
"RS_GCF_001553455.1",0.639380219059107,0.286221507910353,-0.381547269258823,0.55225787668454,-0.154135086348253,-0.977611057214412,-0.589530088742856,-0.472632123819089,0.583225231235425,0.648538687603693,0.34855662984503,-0.361384892770362,-0.110871706410225,0.249247799888855,-0.0276767306671324,-0.0282543228833251,-0.401689325943482,-0.0511569618460002
"RS_GCF_000220705.2",-0.547281890875336,0.626480276439306,0.488447053985608,0.963711201149048,-0.208120568927614,-0.932736638444672,0.150143022614045,-0.240975478216589,0.719772722891166,0.134548876365595,0.199265514220979,0.359339581154019,0.227251095372054,-0.792496862531443,0.25920484634817,0.168181531761784,-0.131411209656801,-0.0151489510044073
"RS_GCF_019890725.1",0.639380219059107,0.286221507910353,-0.381547269258823,0.55225787668454,-0.154135086348253,-0.977611057214412,-0.589530088742856,-0.472632123819089,0.583225231235425,0.648538687603693,0.34855662984503,-0.361384892770362,-0.110871706410225,0.249247799888855,-0.0276767306671324,-0.0282543228833251,-0.401689325943482,-0.0511569618460002
"RS_GCF_900103985.1",0.696185704451867,0.235315006085975,-0.168047951839745,0.419048240153075,0.171519751024757,-0.932476534818558,0.243014877676807,-0.0960537999769037,0.702152189718445,0.542720855183591,0.163056061566694,-0.0479753937731843,-0.134375956111815,0.151528603816136,0.0796960019292188,-0.0440150471896033,-0.34400945587123,-0.0294404326426467
"RS_GCF_016918855.1",0.696185704451867,0.235315006085975,-0.168047951839745,0.419048240153075,0.171519751024757,-0.932476534818558,0.243014877676807,-0.0960537999769037,0.702152189718445,0.542720855183591,0.163056061566694,-0.0479753937731843,-0.134375956111815,0.151528603816136,0.0796960019292188,-0.0440150471896033,-0.34400945587123,-0.0294404326426467
"RS_GCF_007829815.1",0.639380219059107,0.286221507910353,-0.381547269258823,0.55225787668454,-0.154135086348253,-0.977611057214412,-0.589530088742856,-0.472632123819089,0.583225231235425,0.648538687603693,0.34855662984503,-0.361384892770362,-0.110871706410225,0.249247799888855,-0.0276767306671324,-0.0282543228833251,-0.401689325943482,-0.0511569618460002
"GB_GCA_021324595.1",0.649814836076557,0.224195640526581,0.618744867734148,0.193241026648604,0.179460217128077,-0.979558386983475,-0.265642496224264,-0.14991072272657,0.5663944603046,0.0941830683963423,0.253467290816911,0.749890216280484,-0.148815945134968,0.175516254079082,-0.0907836463015013,0.469407561273611,-0.141159904481224,-0.0568378919627922
"RS_GCF_016863195.1",0.201908360168043,0.44772880641104,0.0656600968716765,0.920689698301112,-0.124256693432192,-0.997757228917923,0.160119047319392,0.0153606419464236,0.832557688229892,0.0567025018825325,0.446276477233456,0.37701707815633,-0.416668440921857,-0.0248499262268173,0.105795527255164,0.632111442021122,-0.0216521853660384,-0.0323878505620501
"RS_GCF_014648175.1",0.201908360168043,0.44772880641104,0.0656600968716765,0.920689698301112,-0.124256693432192,-0.997757228917923,0.160119047319392,0.0153606419464236,0.832557688229892,0.0567025018825325,0.446276477233456,0.37701707815633,-0.416668440921857,-0.0248499262268173,0.105795527255164,0.632111442021122,-0.0216521853660384,-0.0323878505620501
"RS_GCF_900113865.1",0.145102874775284,0.498635308235418,-0.147839220547402,1.05389933483258,-0.449911530805202,-1.04289175131378,-0.672425919100272,-0.361217681895761,0.713630729746872,0.162520334302635,0.631777045511792,0.0636075791591521,-0.393164191220267,0.0728692698459012,-0.00157720534118737,0.6478721663274,-0.0793320554382905,-0.0541043797654037
"RS_GCF_014207745.1",0.145102874775284,0.498635308235418,-0.147839220547402,1.05389933483258,-0.449911530805202,-1.04289175131378,-0.672425919100272,-0.361217681895761,0.713630729746872,0.162520334302635,0.631777045511792,0.0636075791591521,-0.393164191220267,0.0728692698459012,-0.00157720534118737,0.6478721663274,-0.0793320554382905,-0.0541043797654037
"RS_GCF_018531465.1",0.368785626511859,0.39780862639333,-0.645914675734259,0.877125230058765,-0.235171037244158,-1.04860250419902,-0.531867256163967,-0.416725668315889,0.42896207026147,0.513320492079463,0.472796795541545,-0.275693462182059,-0.261694082203394,0.101224935887312,0.431640297513412,0.271534375203118,-0.0819062830479325,-0.0289119052271687
"RS_GCF_003634705.1",0.368785626511859,0.39780862639333,-0.645914675734259,0.877125230058765,-0.235171037244158,-1.04860250419902,-0.531867256163967,-0.416725668315889,0.42896207026147,0.513320492079463,0.472796795541545,-0.275693462182059,-0.261694082203394,0.101224935887312,0.431640297513412,0.271534375203118,-0.0819062830479325,-0.0289119052271687
"RS_GCF_004349235.1",0.201908360168043,0.44772880641104,0.0656600968716765,0.920689698301112,-0.124256693432192,-0.997757228917923,0.160119047319392,0.0153606419464236,0.832557688229892,0.0567025018825325,0.446276477233456,0.37701707815633,-0.416668440921857,-0.0248499262268173,0.105795527255164,0.632111442021122,-0.0216521853660384,-0.0323878505620501
"RS_GCF_900188445.1",0.201908360168043,0.44772880641104,0.0656600968716765,0.920689698301112,-0.124256693432192,-0.997757228917923,0.160119047319392,0.0153606419464236,0.832557688229892,0.0567025018825325,0.446276477233456,0.37701707815633,-0.416668440921857,-0.0248499262268173,0.105795527255164,0.632111442021122,-0.0216521853660384,-0.0323878505620501
"RS_GCF_013364275.1",0.201908360168043,0.44772880641104,0.0656600968716765,0.920689698301112,-0.124256693432192,-0.997757228917923,0.160119047319392,0.0153606419464236,0.832557688229892,0.0567025018825325,0.446276477233456,0.37701707815633,-0.416668440921857,-0.0248499262268173,0.105795527255164,0.632111442021122,-0.0216521853660384,-0.0323878505620501
"RS_GCF_004348515.1",0.425591111904618,0.346902124568952,-0.43241535831518,0.7439155935273,0.0904838001288521,-1.00346798180317,0.300677710255697,-0.0401473444737039,0.54788902874449,0.407502659659361,0.287296227263209,0.0377160368151189,-0.285198331904984,0.00350573981459296,0.539013030109764,0.255773650896839,-0.0242264129756804,-0.00719537602381512
"RS_GCF_004348665.1",0.145102874775284,0.498635308235418,-0.147839220547402,1.05389933483258,-0.449911530805202,-1.04289175131378,-0.672425919100272,-0.361217681895761,0.713630729746872,0.162520334302635,0.631777045511792,0.0636075791591521,-0.393164191220267,0.0728692698459012,-0.00157720534118737,0.6478721663274,-0.0793320554382905,-0.0541043797654037
"RS_GCF_009793335.1",0.425591111904618,0.346902124568952,-0.43241535831518,0.7439155935273,0.0904838001288521,-1.00346798180317,0.300677710255697,-0.0401473444737039,0.54788902874449,0.407502659659361,0.287296227263209,0.0377160368151189,-0.285198331904984,0.00350573981459296,0.539013030109764,0.255773650896839,-0.0242264129756804,-0.00719537602381512
"RS_GCF_900230215.1",0.696185704451867,0.235315006085975,-0.168047951839745,0.419048240153075,0.171519751024757,-0.932476534818558,0.243014877676807,-0.0960537999769037,0.702152189718445,0.542720855183591,0.163056061566694,-0.0479753937731843,-0.134375956111815,0.151528603816136,0.0796960019292188,-0.0440150471896033,-0.34400945587123,-0.0294404326426467
"RS_GCF_004570385.1",0.696185704451867,0.235315006085975,-0.168047951839745,0.419048240153075,0.171519751024757,-0.932476534818558,0.243014877676807,-0.0960537999769037,0.702152189718445,0.542720855183591,0.163056061566694,-0.0479753937731843,-0.134375956111815,0.151528603816136,0.0796960019292188,-0.0440150471896033,-0.34400945587123,-0.0294404326426467
"RS_GCF_900182545.1",0.696185704451867,0.235315006085975,-0.168047951839745,0.419048240153075,0.171519751024757,-0.932476534818558,0.243014877676807,-0.0960537999769037,0.702152189718445,0.542720855183591,0.163056061566694,-0.0479753937731843,-0.134375956111815,0.151528603816136,0.0796960019292188,-0.0440150471896033,-0.34400945587123,-0.0294404326426467
"RS_GCF_004571065.1",0.425591111904618,0.346902124568952,-0.43241535831518,0.7439155935273,0.0904838001288521,-1.00346798180317,0.300677710255697,-0.0401473444737039,0.54788902874449,0.407502659659361,0.287296227263209,0.0377160368151189,-0.285198331904984,0.00350573981459296,0.539013030109764,0.255773650896839,-0.0242264129756804,-0.00719537602381512
"GB_GCA_000717275.1",0.368785626511859,0.39780862639333,-0.645914675734259,0.877125230058765,-0.235171037244158,-1.04860250419902,-0.531867256163967,-0.416725668315889,0.42896207026147,0.513320492079463,0.472796795541545,-0.275693462182059,-0.261694082203394,0.101224935887312,0.431640297513412,0.271534375203118,-0.0819062830479325,-0.0289119052271687
"RS_GCF_000241345.1",0.368785626511859,0.39780862639333,-0.645914675734259,0.877125230058765,-0.235171037244158,-1.04860250419902,-0.531867256163967,-0.416725668315889,0.42896207026147,0.513320492079463,0.472796795541545,-0.275693462182059,-0.261694082203394,0.101224935887312,0.431640297513412,0.271534375203118,-0.0819062830479325,-0.0289119052271687
"GB_GCA_004193205.1",0.639380219059107,0.286221507910353,-0.381547269258823,0.55225787668454,-0.154135086348253,-0.977611057214412,-0.589530088742856,-0.472632123819089,0.583225231235425,0.648538687603693,0.34855662984503,-0.361384892770362,-0.110871706410225,0.249247799888855,-0.0276767306671324,-0.0282543228833251,-0.401689325943482,-0.0511569618460002
"RS_GCF_003688915.1",0.696185704451867,0.235315006085975,-0.168047951839745,0.419048240153075,0.171519751024757,-0.932476534818558,0.243014877676807,-0.0960537999769037,0.702152189718445,0.542720855183591,0.163056061566694,-0.0479753937731843,-0.134375956111815,0.151528603816136,0.0796960019292188,-0.0440150471896033,-0.34400945587123,-0.0294404326426467
"RS_GCF_002259415.1",0.696185704451867,0.235315006085975,-0.168047951839745,0.419048240153075,0.171519751024757,-0.932476534818558,0.243014877676807,-0.0960537999769037,0.702152189718445,0.542720855183591,0.163056061566694,-0.0479753937731843,-0.134375956111815,0.151528603816136,0.0796960019292188,-0.0440150471896033,-0.34400945587123,-0.0294404326426467
"RS_GCF_001646865.1",0.368785626511859,0.39780862639333,-0.645914675734259,0.877125230058765,-0.235171037244158,-1.04860250419902,-0.531867256163967,-0.416725668315889,0.42896207026147,0.513320492079463,0.472796795541545,-0.275693462182059,-0.261694082203394,0.101224935887312,0.431640297513412,0.271534375203118,-0.0819062830479325,-0.0289119052271687
"RS_GCF_000308695.1",0.145102874775284,0.498635308235418,-0.147839220547402,1.05389933483258,-0.449911530805202,-1.04289175131378,-0.672425919100272,-0.361217681895761,0.713630729746872,0.162520334302635,0.631777045511792,0.0636075791591521,-0.393164191220267,0.0728692698459012,-0.00157720534118737,0.6478721663274,-0.0793320554382905,-0.0541043797654037
"RS_GCF_001612765.1",0.368785626511859,0.39780862639333,-0.645914675734259,0.877125230058765,-0.235171037244158,-1.04860250419902,-0.531867256163967,-0.416725668315889,0.42896207026147,0.513320492079463,0.472796795541545,-0.275693462182059,-0.261694082203394,0.101224935887312,0.431640297513412,0.271534375203118,-0.0819062830479325,-0.0289119052271687
"RS_GCF_002081715.1",0.696185704451867,0.235315006085975,-0.168047951839745,0.419048240153075,0.171519751024757,-0.932476534818558,0.243014877676807,-0.0960537999769037,0.702152189718445,0.542720855183591,0.163056061566694,-0.0479753937731843,-0.134375956111815,0.151528603816136,0.0796960019292188,-0.0440150471896033,-0.34400945587123,-0.0294404326426467
"RS_GCF_001613385.1",0.425591111904618,0.346902124568952,-0.43241535831518,0.7439155935273,0.0904838001288521,-1.00346798180317,0.300677710255697,-0.0401473444737039,0.54788902874449,0.407502659659361,0.287296227263209,0.0377160368151189,-0.285198331904984,0.00350573981459296,0.539013030109764,0.255773650896839,-0.0242264129756804,-0.00719537602381512
"RS_GCF_023740735.1",0.696185704451867,0.235315006085975,-0.168047951839745,0.419048240153075,0.171519751024757,-0.932476534818558,0.243014877676807,-0.0960537999769037,0.702152189718445,0.542720855183591,0.163056061566694,-0.0479753937731843,-0.134375956111815,0.151528603816136,0.0796960019292188,-0.0440150471896033,-0.34400945587123,-0.0294404326426467
"RS_GCF_013449725.1",0.639380219059107,0.286221507910353,-0.381547269258823,0.55225787668454,-0.154135086348253,-0.977611057214412,-0.589530088742856,-0.472632123819089,0.583225231235425,0.648538687603693,0.34855662984503,-0.361384892770362,-0.110871706410225,0.249247799888855,-0.0276767306671324,-0.0282543228833251,-0.401689325943482,-0.0511569618460002
"RS_GCF_002101555.1",0.639380219059107,0.286221507910353,-0.381547269258823,0.55225787668454,-0.154135086348253,-0.977611057214412,-0.589530088742856,-0.472632123819089,0.583225231235425,0.648538687603693,0.34855662984503,-0.361384892770362,-0.110871706410225,0.249247799888855,-0.0276767306671324,-0.0282543228833251,-0.401689325943482,-0.0511569618460002
"RS_GCF_001570425.1",0.639380219059107,0.286221507910353,-0.381547269258823,0.55225787668454,-0.154135086348253,-0.977611057214412,-0.589530088742856,-0.472632123819089,0.583225231235425,0.648538687603693,0.34855662984503,-0.361384892770362,-0.110871706410225,0.249247799888855,-0.0276767306671324,-0.0282543228833251,-0.401689325943482,-0.0511569618460002
"RS_GCF_001954135.1",0.0125274696061167,0.489386106224774,-0.360824111923428,0.813139310950495,-0.17955960535514,-0.932090366808885,-0.626266374212326,-0.402870698237223,0.56681226075398,0.199498872468881,0.74079207146259,-0.42224750046865,0.115489558951066,-0.123880686903742,0.781123117934851,-0.177142960028139,-0.20101451379443,0.00327550634056481
"RS_GCF_010726645.1",-0.211155282130458,0.590212788066862,0.137251343263428,0.989913415724308,-0.394300098916184,-0.926379613923638,-0.766825037148631,-0.347362711817095,0.851480920239382,-0.151301285307947,0.899772321432837,-0.0829464591274394,-0.0159805500658066,-0.152236352945152,0.347905615080251,0.199194831096143,-0.198440286184789,-0.0219169681976702
"RS_GCF_016313185.1",0.696185704451867,0.235315006085975,-0.168047951839745,0.419048240153075,0.171519751024757,-0.932476534818558,0.243014877676807,-0.0960537999769037,0.702152189718445,0.542720855183591,0.163056061566694,-0.0479753937731843,-0.134375956111815,0.151528603816136,0.0796960019292188,-0.0440150471896033,-0.34400945587123,-0.0294404326426467
"RS_GCF_010731615.1",0.0594393104167905,0.478625669583885,0.401618749738864,0.665046062350083,-0.31326414802028,-0.855388166939027,-0.824487869727521,-0.403269167320295,1.00574408121334,-0.016083089783717,0.775532155736322,-0.168637889715743,0.134841825727362,-0.00421348894360894,-0.111411413100293,-0.100593866990299,-0.518223329080338,-0.0441620248165017
"RS_GCF_002086675.1",0.0693329549988763,0.438479604400397,-0.147324794504349,0.67992967441903,0.14609523201787,-0.88695584441303,0.206278592207337,-0.0262923743950377,0.685739219237001,0.0936810400487791,0.555291503184254,-0.108838001471473,0.0919853092494764,-0.22159988297646,0.888495850531202,-0.192903684334418,-0.143334643722178,0.0249920355439183
"RS_GCF_900232995.1",0.0693329549988763,0.438479604400397,-0.147324794504349,0.67992967441903,0.14609523201787,-0.88695584441303,0.206278592207337,-0.0262923743950377,0.685739219237001,0.0936810400487791,0.555291503184254,-0.108838001471473,0.0919853092494764,-0.22159988297646,0.888495850531202,-0.192903684334418,-0.143334643722178,0.0249920355439183
"RS_GCF_022179425.1",0.339927547546125,0.32689248591742,0.117042611971086,0.355062321044806,0.227131182913774,-0.815964397428419,0.148615759628448,-0.0821988298982374,0.840002380210955,0.228899235573009,0.431051337487739,-0.194529432059776,0.242807685042645,-0.0735770189749172,0.429178822350657,-0.49269238242086,-0.463117686617728,0.0027469789250868
"RS_GCF_013466425.1",-0.40651779393972,0.535048701160681,-0.309099449572071,0.401547146418468,0.569399815306405,-1.12789459397633,-0.0628288408376827,-0.0735834382195677,0.812456299156609,-0.525904261821108,-0.274398252773395,-0.401520718418963,-0.542470593400299,-0.146892440068953,0.855296715740149,-0.318459113139622,-0.218717618243807,0.015275932143719
"RS_GCF_001417955.2",0.696185704451867,0.235315006085975,-0.168047951839745,0.419048240153075,0.171519751024757,-0.932476534818558,0.243014877676807,-0.0960537999769037,0.702152189718445,0.542720855183591,0.163056061566694,-0.0479753937731843,-0.134375956111815,0.151528603816136,0.0796960019292188,-0.0440150471896033,-0.34400945587123,-0.0294404326426467
"RS_GCF_001667885.1",0.425591111904618,0.346902124568952,-0.43241535831518,0.7439155935273,0.0904838001288521,-1.00346798180317,0.300677710255697,-0.0401473444737039,0.54788902874449,0.407502659659361,0.287296227263209,0.0377160368151189,-0.285198331904984,0.00350573981459296,0.539013030109764,0.255773650896839,-0.0242264129756804,-0.00719537602381512
"RS_GCF_021213805.1",0.696185704451867,0.235315006085975,-0.168047951839745,0.419048240153075,0.171519751024757,-0.932476534818558,0.243014877676807,-0.0960537999769037,0.702152189718445,0.542720855183591,0.163056061566694,-0.0479753937731843,-0.134375956111815,0.151528603816136,0.0796960019292188,-0.0440150471896033,-0.34400945587123,-0.0294404326426467
"RS_GCF_008369165.1",-0.189161058375746,0.690154632451916,0.748043101513908,1.28075520797437,-0.704408493076411,-0.991819915475175,-0.61588587614678,-0.107678192070182,0.549607890868434,0.707391777081672,0.287090786723371,-0.408821256261489,-0.508828775246765,1.04233738108829,0.414227086478387,0.655814364290189,0.175427920592122,-0.0633198319686478
"GB_GCA_019114135.1",0.639380219059107,0.286221507910353,-0.381547269258823,0.55225787668454,-0.154135086348253,-0.977611057214412,-0.589530088742856,-0.472632123819089,0.583225231235425,0.648538687603693,0.34855662984503,-0.361384892770362,-0.110871706410225,0.249247799888855,-0.0276767306671324,-0.0282543228833251,-0.401689325943482,-0.0511569618460002
"RS_GCF_009734405.1",0.201908360168043,0.44772880641104,0.0656600968716765,0.920689698301112,-0.124256693432192,-0.997757228917923,0.160119047319392,0.0153606419464236,0.832557688229892,0.0567025018825325,0.446276477233456,0.37701707815633,-0.416668440921857,-0.0248499262268173,0.105795527255164,0.632111442021122,-0.0216521853660384,-0.0323878505620501
"RS_GCF_000478175.1",-0.154349796737698,0.539306286242485,0.350750660682507,0.856703779192843,-0.0686452615431745,-0.881245091527784,0.065719929271032,0.0292156120250898,0.970407878722403,-0.257119117728049,0.714271753154501,0.230463039869738,-0.0394847997673966,-0.249955549017871,0.455278347676603,0.183434106789865,-0.140760416112536,-0.000200438994316596
"RS_GCF_000159135.1",0.201908360168043,0.44772880641104,0.0656600968716765,0.920689698301112,-0.124256693432192,-0.997757228917923,0.160119047319392,0.0153606419464236,0.832557688229892,0.0567025018825325,0.446276477233456,0.37701707815633,-0.416668440921857,-0.0248499262268173,0.105795527255164,0.632111442021122,-0.0216521853660384,-0.0323878505620501
"RS_GCF_900156665.1",0.539233654662101,0.314888282900991,1.0165517346086,0.243322795016587,0.139703748417911,-0.934197304030118,-0.0685437903344671,0.0481207806788819,0.11770296194076,0.989854668952208,-0.250199217941757,-0.0618396604813685,-0.133010420144593,1.17334003136288,0.758238148372673,0.101011968112117,0.111025843939546,-0.0408608696278014
"RS_GCF_000739455.1",0.649814836076557,0.224195640526581,0.618744867734148,0.193241026648604,0.179460217128077,-0.979558386983475,-0.265642496224264,-0.14991072272657,0.5663944603046,0.0941830683963423,0.253467290816911,0.749890216280484,-0.148815945134968,0.175516254079082,-0.0907836463015013,0.469407561273611,-0.141159904481224,-0.0568378919627922
"RS_GCF_001021065.1",0.425591111904618,0.346902124568952,-0.43241535831518,0.7439155935273,0.0904838001288521,-1.00346798180317,0.300677710255697,-0.0401473444737039,0.54788902874449,0.407502659659361,0.287296227263209,0.0377160368151189,-0.285198331904984,0.00350573981459296,0.539013030109764,0.255773650896839,-0.0242264129756804,-0.00719537602381512
"RS_GCF_013408175.1",0.696185704451867,0.235315006085975,-0.168047951839745,0.419048240153075,0.171519751024757,-0.932476534818558,0.243014877676807,-0.0960537999769037,0.702152189718445,0.542720855183591,0.163056061566694,-0.0479753937731843,-0.134375956111815,0.151528603816136,0.0796960019292188,-0.0440150471896033,-0.34400945587123,-0.0294404326426467
"RS_GCF_900106995.1",0.368785626511859,0.39780862639333,-0.645914675734259,0.877125230058765,-0.235171037244158,-1.04860250419902,-0.531867256163967,-0.416725668315889,0.42896207026147,0.513320492079463,0.472796795541545,-0.275693462182059,-0.261694082203394,0.101224935887312,0.431640297513412,0.271534375203118,-0.0819062830479325,-0.0289119052271687
"RS_GCF_900103775.1",0.696185704451867,0.235315006085975,-0.168047951839745,0.419048240153075,0.171519751024757,-0.932476534818558,0.243014877676807,-0.0960537999769037,0.702152189718445,0.542720855183591,0.163056061566694,-0.0479753937731843,-0.134375956111815,0.151528603816136,0.0796960019292188,-0.0440150471896033,-0.34400945587123,-0.0294404326426467
"RS_GCF_000384295.1",0.696185704451867,0.235315006085975,-0.168047951839745,0.419048240153075,0.171519751024757,-0.932476534818558,0.243014877676807,-0.0960537999769037,0.702152189718445,0.542720855183591,0.163056061566694,-0.0479753937731843,-0.134375956111815,0.151528603816136,0.0796960019292188,-0.0440150471896033,-0.34400945587123,-0.0294404326426467
"RS_GCF_002234595.1",0.696185704451867,0.235315006085975,-0.168047951839745,0.419048240153075,0.171519751024757,-0.932476534818558,0.243014877676807,-0.0960537999769037,0.702152189718445,0.542720855183591,0.163056061566694,-0.0479753937731843,-0.134375956111815,0.151528603816136,0.0796960019292188,-0.0440150471896033,-0.34400945587123,-0.0294404326426467
"RS_GCF_011761185.1",0.201908360168043,0.44772880641104,0.0656600968716765,0.920689698301112,-0.124256693432192,-0.997757228917923,0.160119047319392,0.0153606419464236,0.832557688229892,0.0567025018825325,0.446276477233456,0.37701707815633,-0.416668440921857,-0.0248499262268173,0.105795527255164,0.632111442021122,-0.0216521853660384,-0.0323878505620501
"RS_GCF_003202285.1",0.201908360168043,0.44772880641104,0.0656600968716765,0.920689698301112,-0.124256693432192,-0.997757228917923,0.160119047319392,0.0153606419464236,0.832557688229892,0.0567025018825325,0.446276477233456,0.37701707815633,-0.416668440921857,-0.0248499262268173,0.105795527255164,0.632111442021122,-0.0216521853660384,-0.0323878505620501
"RS_GCF_001984155.1",0.425591111904618,0.346902124568952,-0.43241535831518,0.7439155935273,0.0904838001288521,-1.00346798180317,0.300677710255697,-0.0401473444737039,0.54788902874449,0.407502659659361,0.287296227263209,0.0377160368151189,-0.285198331904984,0.00350573981459296,0.539013030109764,0.255773650896839,-0.0242264129756804,-0.00719537602381512
"RS_GCF_014203755.1",0.201908360168043,0.44772880641104,0.0656600968716765,0.920689698301112,-0.124256693432192,-0.997757228917923,0.160119047319392,0.0153606419464236,0.832557688229892,0.0567025018825325,0.446276477233456,0.37701707815633,-0.416668440921857,-0.0248499262268173,0.105795527255164,0.632111442021122,-0.0216521853660384,-0.0323878505620501
"RS_GCF_014205015.1",0.696185704451867,0.235315006085975,-0.168047951839745,0.419048240153075,0.171519751024757,-0.932476534818558,0.243014877676807,-0.0960537999769037,0.702152189718445,0.542720855183591,0.163056061566694,-0.0479753937731843,-0.134375956111815,0.151528603816136,0.0796960019292188,-0.0440150471896033,-0.34400945587123,-0.0294404326426467
"RS_GCF_003945385.1",0.639380219059107,0.286221507910353,-0.381547269258823,0.55225787668454,-0.154135086348253,-0.977611057214412,-0.589530088742856,-0.472632123819089,0.583225231235425,0.648538687603693,0.34855662984503,-0.361384892770362,-0.110871706410225,0.249247799888855,-0.0276767306671324,-0.0282543228833251,-0.401689325943482,-0.0511569618460002
"RS_GCF_006716445.1",0.425591111904618,0.346902124568952,-0.43241535831518,0.7439155935273,0.0904838001288521,-1.00346798180317,0.300677710255697,-0.0401473444737039,0.54788902874449,0.407502659659361,0.287296227263209,0.0377160368151189,-0.285198331904984,0.00350573981459296,0.539013030109764,0.255773650896839,-0.0242264129756804,-0.00719537602381512
"RS_GCF_006717045.1",0.425591111904618,0.346902124568952,-0.43241535831518,0.7439155935273,0.0904838001288521,-1.00346798180317,0.300677710255697,-0.0401473444737039,0.54788902874449,0.407502659659361,0.287296227263209,0.0377160368151189,-0.285198331904984,0.00350573981459296,0.539013030109764,0.255773650896839,-0.0242264129756804,-0.00719537602381512
"RS_GCF_013155125.1",0.472502952715292,0.336141687928064,0.330027503347112,0.595822344926888,-0.0432207425362876,-0.926765781933311,0.102456214740502,-0.0405458135567761,0.986820849203847,0.191920697406763,0.322036311536941,0.291325647568026,-0.265846065128688,0.123172937774726,-0.353521500925381,0.332322743934679,-0.341435228261588,-0.0546329071808817
"RS_GCF_000429025.1",0.696185704451867,0.235315006085975,-0.168047951839745,0.419048240153075,0.171519751024757,-0.932476534818558,0.243014877676807,-0.0960537999769037,0.702152189718445,0.542720855183591,0.163056061566694,-0.0479753937731843,-0.134375956111815,0.151528603816136,0.0796960019292188,-0.0440150471896033,-0.34400945587123,-0.0294404326426467
"RS_GCF_014303395.1",0.696185704451867,0.235315006085975,-0.168047951839745,0.419048240153075,0.171519751024757,-0.932476534818558,0.243014877676807,-0.0960537999769037,0.702152189718445,0.542720855183591,0.163056061566694,-0.0479753937731843,-0.134375956111815,0.151528603816136,0.0796960019292188,-0.0440150471896033,-0.34400945587123,-0.0294404326426467
"RS_GCF_000024365.1",0.425591111904618,0.346902124568952,-0.43241535831518,0.7439155935273,0.0904838001288521,-1.00346798180317,0.300677710255697,-0.0401473444737039,0.54788902874449,0.407502659659361,0.287296227263209,0.0377160368151189,-0.285198331904984,0.00350573981459296,0.539013030109764,0.255773650896839,-0.0242264129756804,-0.00719537602381512
"RS_GCF_011764425.1",0.696185704451867,0.235315006085975,-0.168047951839745,0.419048240153075,0.171519751024757,-0.932476534818558,0.243014877676807,-0.0960537999769037,0.702152189718445,0.542720855183591,0.163056061566694,-0.0479753937731843,-0.134375956111815,0.151528603816136,0.0796960019292188,-0.0440150471896033,-0.34400945587123,-0.0294404326426467
"RS_GCF_016862275.1",-0.211155282130458,0.590212788066862,0.137251343263428,0.989913415724308,-0.394300098916184,-0.926379613923638,-0.766825037148631,-0.347362711817095,0.851480920239382,-0.151301285307947,0.899772321432837,-0.0829464591274394,-0.0159805500658066,-0.152236352945152,0.347905615080251,0.199194831096143,-0.198440286184789,-0.0219169681976702
"RS_GCF_002210435.1",0.639380219059107,0.286221507910353,-0.381547269258823,0.55225787668454,-0.154135086348253,-0.977611057214412,-0.589530088742856,-0.472632123819089,0.583225231235425,0.648538687603693,0.34855662984503,-0.361384892770362,-0.110871706410225,0.249247799888855,-0.0276767306671324,-0.0282543228833251,-0.401689325943482,-0.0511569618460002
"RS_GCF_004348595.1",0.696185704451867,0.235315006085975,-0.168047951839745,0.419048240153075,0.171519751024757,-0.932476534818558,0.243014877676807,-0.0960537999769037,0.702152189718445,0.542720855183591,0.163056061566694,-0.0479753937731843,-0.134375956111815,0.151528603816136,0.0796960019292188,-0.0440150471896033,-0.34400945587123,-0.0294404326426467
"RS_GCF_001905095.1",0.639380219059107,0.286221507910353,-0.381547269258823,0.55225787668454,-0.154135086348253,-0.977611057214412,-0.589530088742856,-0.472632123819089,0.583225231235425,0.648538687603693,0.34855662984503,-0.361384892770362,-0.110871706410225,0.249247799888855,-0.0276767306671324,-0.0282543228833251,-0.401689325943482,-0.0511569618460002
"RS_GCF_012726175.1",0.696185704451867,0.235315006085975,-0.168047951839745,0.419048240153075,0.171519751024757,-0.932476534818558,0.243014877676807,-0.0960537999769037,0.702152189718445,0.542720855183591,0.163056061566694,-0.0479753937731843,-0.134375956111815,0.151528603816136,0.0796960019292188,-0.0440150471896033,-0.34400945587123,-0.0294404326426467
"RS_GCF_019697375.1",0.696185704451867,0.235315006085975,-0.168047951839745,0.419048240153075,0.171519751024757,-0.932476534818558,0.243014877676807,-0.0960537999769037,0.702152189718445,0.542720855183591,0.163056061566694,-0.0479753937731843,-0.134375956111815,0.151528603816136,0.0796960019292188,-0.0440150471896033,-0.34400945587123,-0.0294404326426467
"RS_GCF_004217135.1",0.696185704451867,0.235315006085975,-0.168047951839745,0.419048240153075,0.171519751024757,-0.932476534818558,0.243014877676807,-0.0960537999769037,0.702152189718445,0.542720855183591,0.163056061566694,-0.0479753937731843,-0.134375956111815,0.151528603816136,0.0796960019292188,-0.0440150471896033,-0.34400945587123,-0.0294404326426467
"RS_GCF_900091575.1",0.696185704451867,0.235315006085975,-0.168047951839745,0.419048240153075,0.171519751024757,-0.932476534818558,0.243014877676807,-0.0960537999769037,0.702152189718445,0.542720855183591,0.163056061566694,-0.0479753937731843,-0.134375956111815,0.151528603816136,0.0796960019292188,-0.0440150471896033,-0.34400945587123,-0.0294404326426467
"RS_GCF_022229005.1",0.696185704451867,0.235315006085975,-0.168047951839745,0.419048240153075,0.171519751024757,-0.932476534818558,0.243014877676807,-0.0960537999769037,0.702152189718445,0.542720855183591,0.163056061566694,-0.0479753937731843,-0.134375956111815,0.151528603816136,0.0796960019292188,-0.0440150471896033,-0.34400945587123,-0.0294404326426467
"RS_GCF_016907275.1",0.696185704451867,0.235315006085975,-0.168047951839745,0.419048240153075,0.171519751024757,-0.932476534818558,0.243014877676807,-0.0960537999769037,0.702152189718445,0.542720855183591,0.163056061566694,-0.0479753937731843,-0.134375956111815,0.151528603816136,0.0796960019292188,-0.0440150471896033,-0.34400945587123,-0.0294404326426467
"RS_GCF_014647915.1",0.602902995265883,0.23495607716747,-0.143697993928144,0.341334275249017,0.313164759793216,-1.05626058685333,-0.0674210007090691,-0.149512253643497,0.127462639845243,0.309765030648941,0.218727206543179,0.496280605527576,-0.168168211911263,0.0558490561189486,0.801750884733643,0.392858468235771,0.176048910804683,-0.0094003608057257
"RS_GCF_016863635.1",0.201908360168043,0.44772880641104,0.0656600968716765,0.920689698301112,-0.124256693432192,-0.997757228917923,0.160119047319392,0.0153606419464236,0.832557688229892,0.0567025018825325,0.446276477233456,0.37701707815633,-0.416668440921857,-0.0248499262268173,0.105795527255164,0.632111442021122,-0.0216521853660384,-0.0323878505620501
"RS_GCF_000023845.1",0.842784876935786,0.236092733697129,-0.0569058368328924,-0.757146452716467,-0.708495946454181,-1.30143043914944,0.255875274547947,0.328668272005838,-0.500610716626036,-0.236686528120907,0.0442629615921952,-0.0460744395739479,0.363039300778357,0.257719232310114,0.0321796114975701,0.249952732553285,-0.101494916421589,-0.0461295120520592
"RS_GCF_008831045.1",0.657392621858048,0.271666929920747,-0.273949574098338,-1.37008732814986,-1.23976868300452,-0.959442868509339,-0.029157438282373,0.752060750553491,0.0457122115455238,0.211208208297382,-0.0688613935810668,0.321111553279617,0.0640575814571713,0.0897828763160655,0.314155924445081,0.158632629099469,-0.0509510886361101,-0.0111840456903572
"GB_GCA_024698685.1",0.842784876935786,0.236092733697129,-0.0569058368328924,-0.757146452716467,-0.708495946454181,-1.30143043914944,0.255875274547947,0.328668272005838,-0.500610716626036,-0.236686528120907,0.0442629615921952,-0.0460744395739479,0.363039300778357,0.257719232310114,0.0321796114975701,0.249952732553285,-0.101494916421589,-0.0461295120520592
"GB_GCA_023806485.1",0.25688274193892,0.311369630723402,0.756441261037249,0.300248448604809,0.0399849097436372,-1.03104993390036,-0.181219402881251,-0.420101812968249,0.315759304473363,0.485851062489986,-0.26153894811661,0.878766757564765,0.117919950004484,-0.367025059434491,-0.286857147629934,0.45415498624553,-0.131810698025489,-0.071786403972883
"GB_GCA_021787595.1",0.315550902925527,0.41571496474308,1.51462718979546,0.4200968997904,-0.0750367451431325,-0.928486551144872,-0.209102453270772,0.103628767099009,0.402371621426162,0.63905451117538,-0.0912189679715097,0.277461380859842,-0.264480529161466,1.14498436532147,0.325020645518073,0.477349759236399,0.113600071549188,-0.0660533441660364
"GB_GCA_945877125.1",0.228032706655422,0.579345241580093,1.1235526229962,-0.220306838269393,-1.50338823965945,-1.28978237282144,-0.66068831185453,0.26113742440936,-0.498891854502092,0.0632025893014038,0.0440575210523571,-0.492611732650556,0.139408857436575,1.29655087358381,-0.0926063321338061,0.649993445946634,0.0981594171462135,-0.102253967996892
"GB_GCA_016719395.1",0.0664764377633398,0.305316949660749,0.344434395010308,-0.131675691354623,0.578536122754404,-1.07511852389631,-0.000427988384195141,-0.270804198630656,-0.477540340921496,1.18055629403568,0.170899881976147,0.474318878934115,-0.282236084831015,-0.487138222784793,-0.120340878246873,-0.00557347478721708,-0.327900204850039,-0.0405748073410817
"GB_GCA_014874385.1",0.539233654662101,0.314888282900991,1.0165517346086,0.243322795016587,0.139703748417911,-0.934197304030118,-0.0685437903344671,0.0481207806788819,0.11770296194076,0.989854668952208,-0.250199217941757,-0.0618396604813685,-0.133010420144593,1.17334003136288,0.758238148372673,0.101011968112117,0.111025843939546,-0.0408608696278014
"GB_GCA_016872495.1",0.480565493675494,0.210542948881314,0.258365805850392,0.123474343830997,0.254725403304681,-1.03676068678561,-0.0406607399449459,-0.475609799388376,0.0310906449879607,0.836651220266814,-0.420519198086857,0.539465716223554,0.249390059021357,-0.33866939339308,0.146360355224665,0.0778171951212476,-0.134384925635131,-0.046593929434648
"GB_GCA_009840135.1",0.339927547546125,0.32689248591742,0.117042611971086,0.355062321044806,0.227131182913774,-0.815964397428419,0.148615759628448,-0.0821988298982374,0.840002380210955,0.228899235573009,0.431051337487739,-0.194529432059776,0.242807685042645,-0.0735770189749172,0.429178822350657,-0.49269238242086,-0.463117686617728,0.0027469789250868
"GB_GCA_021608145.1",0.0633829057235049,0.411457379661275,0.854777079540881,-0.035059732983975,0.563008331706447,-1.17513605359342,-0.337651223379487,0.000829716854351929,0.244420041860369,0.370269367082321,-1.07988897389941,-0.354522377428859,-0.767466322794368,1.24804747427039,0.72503901358162,-0.0245434606930874,0.0356428694179173,-0.0505769730280008
"GB_GCA_022777455.1",0.842784876935786,0.236092733697129,-0.0569058368328924,-0.757146452716467,-0.708495946454181,-1.30143043914944,0.255875274547947,0.328668272005838,-0.500610716626036,-0.236686528120907,0.0442629615921952,-0.0460744395739479,0.363039300778357,0.257719232310114,0.0321796114975701,0.249952732553285,-0.101494916421589,-0.0461295120520592
"GB_GCA_002419145.1",0.397646838874535,0.219938055444777,-0.0411052425204299,-0.261915606125771,0.817505293977656,-1.22620788943202,-0.394191266332978,-0.252709772971227,0.408442880738806,-0.174602075696716,-0.735202715110985,0.117906457991782,-0.65180173876787,0.278579363027999,0.309234721762045,-0.0324856586558761,-0.219117106612495,-0.0413615208247566
"GB_GCA_902790525.1",0.842784876935786,0.236092733697129,-0.0569058368328924,-0.757146452716467,-0.708495946454181,-1.30143043914944,0.255875274547947,0.328668272005838,-0.500610716626036,-0.236686528120907,0.0442629615921952,-0.0460744395739479,0.363039300778357,0.257719232310114,0.0321796114975701,0.249952732553285,-0.101494916421589,-0.0461295120520592
"GB_GCA_902777335.1",0.842784876935786,0.236092733697129,-0.0569058368328924,-0.757146452716467,-0.708495946454181,-1.30143043914944,0.255875274547947,0.328668272005838,-0.500610716626036,-0.236686528120907,0.0442629615921952,-0.0460744395739479,0.363039300778357,0.257719232310114,0.0321796114975701,0.249952732553285,-0.101494916421589,-0.0461295120520592
"GB_GCA_021372675.1",0.397646838874535,0.219938055444777,-0.0411052425204299,-0.261915606125771,0.817505293977656,-1.22620788943202,-0.394191266332978,-0.252709772971227,0.408442880738806,-0.174602075696716,-0.735202715110985,0.117906457991782,-0.65180173876787,0.278579363027999,0.309234721762045,-0.0324856586558761,-0.219117106612495,-0.0413615208247566
"RS_GCF_000968375.1",0.696185704451867,0.235315006085975,-0.168047951839745,0.419048240153075,0.171519751024757,-0.932476534818558,0.243014877676807,-0.0960537999769037,0.702152189718445,0.542720855183591,0.163056061566694,-0.0479753937731843,-0.134375956111815,0.151528603816136,0.0796960019292188,-0.0440150471896033,-0.34400945587123,-0.0294404326426467
"RS_GCF_001854185.1",0.36693412799719,0.332661830457413,-0.218680491900613,-1.03552898071703,-0.285191363165646,-1.54236918871274,-0.0132321584970723,0.281377208181308,-0.373893636706427,-0.856271829990794,-0.785426794365454,-0.338757156521439,-0.271416601871419,0.332426675217621,-0.00101952329348289,0.124397303748081,-0.176877890943218,-0.0558456154522586
"RS_GCF_024723825.1",0.816692102420372,0.17427546050887,-0.0928299048717877,0.149676558406257,0.0685458733161109,-1.03040366226458,-0.957628799707622,-0.581997032988882,0.162798842336177,0.550801058593273,0.279987609125,0.0971796759420954,0.00615841358349549,0.30159111619321,0.235061123956747,0.108830494455606,-0.201414002163118,-0.0533619466279108
"RS_GCF_002251085.2",0.816692102420372,0.17427546050887,-0.0928299048717877,0.149676558406257,0.0685458733161109,-1.03040366226458,-0.957628799707622,-0.581997032988882,0.162798842336177,0.550801058593273,0.279987609125,0.0971796759420954,0.00615841358349549,0.30159111619321,0.235061123956747,0.108830494455606,-0.201414002163118,-0.0533619466279108
"RS_GCF_000024945.1",0.0693329549988763,0.438479604400397,-0.147324794504349,0.67992967441903,0.14609523201787,-0.88695584441303,0.206278592207337,-0.0262923743950377,0.685739219237001,0.0936810400487791,0.555291503184254,-0.108838001471473,0.0919853092494764,-0.22159988297646,0.888495850531202,-0.192903684334418,-0.143334643722178,0.0249920355439183
"RS_GCF_001941975.1",0.486526720030044,0.327670213528573,0.228184726977939,-0.821132371824736,-0.652884514565164,-1.1849183017593,0.161476156499588,0.342523242084505,-0.362760526133526,-0.550508147731489,0.31225823751324,-0.192628477860539,0.740222941932817,0.0326136095190607,0.381662431919009,-0.198724602677972,-0.220603147168087,-0.0139421004843257
"GB_GCA_905372865.1",0.394878401027273,0.459625899581588,-0.609990607695364,-0.0296977810639583,-1.01221285701445,-1.31962928108389,0.681636818091603,0.493939636678832,-0.234447488700743,-0.274167094634717,0.23707214800874,-0.418947577698102,0.0951868049914674,0.0573530520042151,0.228758785054235,0.412656613300796,0.018012802693597,-0.0216794706513171
"GB_GCA_902780915.1",0.842784876935786,0.236092733697129,-0.0569058368328924,-0.757146452716467,-0.708495946454181,-1.30143043914944,0.255875274547947,0.328668272005838,-0.500610716626036,-0.236686528120907,0.0442629615921952,-0.0460744395739479,0.363039300778357,0.257719232310114,0.0321796114975701,0.249952732553285,-0.101494916421589,-0.0461295120520592
"RS_GCF_000155955.1",0.394878401027273,0.459625899581588,-0.609990607695364,-0.0296977810639583,-1.01221285701445,-1.31962928108389,0.681636818091603,0.493939636678832,-0.234447488700743,-0.274167094634717,0.23707214800874,-0.418947577698102,0.0951868049914674,0.0573530520042151,0.228758785054235,0.412656613300796,0.018012802693597,-0.0216794706513171
"GB_GCA_913757435.1",0.842784876935786,0.236092733697129,-0.0569058368328924,-0.757146452716467,-0.708495946454181,-1.30143043914944,0.255875274547947,0.328668272005838,-0.500610716626036,-0.236686528120907,0.0442629615921952,-0.0460744395739479,0.363039300778357,0.257719232310114,0.0321796114975701,0.249952732553285,-0.101494916421589,-0.0461295120520592
"GB_GCA_001029295.1",-0.049926314804076,-1.1287455124139,0.0882959198447246,0.464647059920321,0.126110011107092,-0.577899769162535,0.143732127428163,-0.112826388145785,0.85418775966533,0.0882894612839075,0.611382140925784,-0.278956783975995,0.0715098463558079,-0.0385897004324213,-0.346703719610309,-1.50071561564016,1.49635371594429,0.171743449351575
"GB_GCA_003509545.1",0.397646838874535,0.219938055444777,-0.0411052425204299,-0.261915606125771,0.817505293977656,-1.22620788943202,-0.394191266332978,-0.252709772971227,0.408442880738806,-0.174602075696716,-0.735202715110985,0.117906457991782,-0.65180173876787,0.278579363027999,0.309234721762045,-0.0324856586558761,-0.219117106612495,-0.0413615208247566
"RS_GCF_002995805.1",0.397646838874535,0.219938055444777,-0.0411052425204299,-0.261915606125771,0.817505293977656,-1.22620788943202,-0.394191266332978,-0.252709772971227,0.408442880738806,-0.174602075696716,-0.735202715110985,0.117906457991782,-0.65180173876787,0.278579363027999,0.309234721762045,-0.0324856586558761,-0.219117106612495,-0.0413615208247566
"RS_GCF_900142375.1",0.842784876935786,0.236092733697129,-0.0569058368328924,-0.757146452716467,-0.708495946454181,-1.30143043914944,0.255875274547947,0.328668272005838,-0.500610716626036,-0.236686528120907,0.0442629615921952,-0.0460744395739479,0.363039300778357,0.257719232310114,0.0321796114975701,0.249952732553285,-0.101494916421589,-0.0461295120520592
"GB_GCA_018335875.1",0.785979391543027,0.286999235521506,-0.270405154251971,-0.623936816185002,-1.03415078382719,-1.34656496154529,-0.576669691871716,-0.0479100518363465,-0.619537675109057,-0.130868695700805,0.229763529870531,-0.359483938571125,0.386543550479947,0.355438428382832,-0.075193121098781,0.265713456859563,-0.159174786493841,-0.0678460412554128
"RS_GCF_001399675.1",0.368785626511859,0.39780862639333,-0.645914675734259,0.877125230058765,-0.235171037244158,-1.04860250419902,-0.531867256163967,-0.416725668315889,0.42896207026147,0.513320492079463,0.472796795541545,-0.275693462182059,-0.261694082203394,0.101224935887312,0.431640297513412,0.271534375203118,-0.0819062830479325,-0.0289119052271687
"RS_GCF_001742305.1",0.480080738496783,0.38361297732223,-0.562666938485374,-0.967506009871578,-1.46244964266889,-0.906650263459175,0.338941272682393,0.861425659723285,0.466138600444771,0.308945837307803,-0.000292372861037229,-0.13745301543284,-0.0529725385365489,0.0374395600117098,0.0514180698212015,0.021547811760537,-0.251226412416474,-0.00897906090844666
"RS_GCF_018326425.1",0.472502952715292,0.336141687928064,0.330027503347112,0.595822344926888,-0.0432207425362876,-0.926765781933311,0.102456214740502,-0.0405458135567761,0.986820849203847,0.191920697406763,0.322036311536941,0.291325647568026,-0.265846065128688,0.123172937774726,-0.353521500925381,0.332322743934679,-0.341435228261588,-0.0546329071808817
"RS_GCF_900110165.1",0.696185704451867,0.235315006085975,-0.168047951839745,0.419048240153075,0.171519751024757,-0.932476534818558,0.243014877676807,-0.0960537999769037,0.702152189718445,0.542720855183591,0.163056061566694,-0.0479753937731843,-0.134375956111815,0.151528603816136,0.0796960019292188,-0.0440150471896033,-0.34400945587123,-0.0294404326426467
"RS_GCF_014773435.2",0.649814836076557,0.224195640526581,0.618744867734148,0.193241026648604,0.179460217128077,-0.979558386983475,-0.265642496224264,-0.14991072272657,0.5663944603046,0.0941830683963423,0.253467290816911,0.749890216280484,-0.148815945134968,0.175516254079082,-0.0907836463015013,0.469407561273611,-0.141159904481224,-0.0568378919627922
"RS_GCF_001675045.1",0.425591111904618,0.346902124568952,-0.43241535831518,0.7439155935273,0.0904838001288521,-1.00346798180317,0.300677710255697,-0.0401473444737039,0.54788902874449,0.407502659659361,0.287296227263209,0.0377160368151189,-0.285198331904984,0.00350573981459296,0.539013030109764,0.255773650896839,-0.0242264129756804,-0.00719537602381512
"RS_GCF_000981585.1",0.368785626511859,0.39780862639333,-0.645914675734259,0.877125230058765,-0.235171037244158,-1.04860250419902,-0.531867256163967,-0.416725668315889,0.42896207026147,0.513320492079463,0.472796795541545,-0.275693462182059,-0.261694082203394,0.101224935887312,0.431640297513412,0.271534375203118,-0.0819062830479325,-0.0289119052271687
"RS_GCF_014863545.1",0.425591111904618,0.346902124568952,-0.43241535831518,0.7439155935273,0.0904838001288521,-1.00346798180317,0.300677710255697,-0.0401473444737039,0.54788902874449,0.407502659659361,0.287296227263209,0.0377160368151189,-0.285198331904984,0.00350573981459296,0.539013030109764,0.255773650896839,-0.0242264129756804,-0.00719537602381512
"RS_GCF_009363115.1",0.425591111904618,0.346902124568952,-0.43241535831518,0.7439155935273,0.0904838001288521,-1.00346798180317,0.300677710255697,-0.0401473444737039,0.54788902874449,0.407502659659361,0.287296227263209,0.0377160368151189,-0.285198331904984,0.00350573981459296,0.539013030109764,0.255773650896839,-0.0242264129756804,-0.00719537602381512
"RS_GCF_001426865.1",0.201908360168043,0.44772880641104,0.0656600968716765,0.920689698301112,-0.124256693432192,-0.997757228917923,0.160119047319392,0.0153606419464236,0.832557688229892,0.0567025018825325,0.446276477233456,0.37701707815633,-0.416668440921857,-0.0248499262268173,0.105795527255164,0.632111442021122,-0.0216521853660384,-0.0323878505620501
"RS_GCF_024159265.1",0.696185704451867,0.235315006085975,-0.168047951839745,0.419048240153075,0.171519751024757,-0.932476534818558,0.243014877676807,-0.0960537999769037,0.702152189718445,0.542720855183591,0.163056061566694,-0.0479753937731843,-0.134375956111815,0.151528603816136,0.0796960019292188,-0.0440150471896033,-0.34400945587123,-0.0294404326426467
"RS_GCF_013185185.1",0.425591111904618,0.346902124568952,-0.43241535831518,0.7439155935273,0.0904838001288521,-1.00346798180317,0.300677710255697,-0.0401473444737039,0.54788902874449,0.407502659659361,0.287296227263209,0.0377160368151189,-0.285198331904984,0.00350573981459296,0.539013030109764,0.255773650896839,-0.0242264129756804,-0.00719537602381512
"RS_GCF_007786445.1",0.696185704451867,0.235315006085975,-0.168047951839745,0.419048240153075,0.171519751024757,-0.932476534818558,0.243014877676807,-0.0960537999769037,0.702152189718445,0.542720855183591,0.163056061566694,-0.0479753937731843,-0.134375956111815,0.151528603816136,0.0796960019292188,-0.0440150471896033,-0.34400945587123,-0.0294404326426467
"RS_GCF_900103825.1",0.472502952715292,0.336141687928064,0.330027503347112,0.595822344926888,-0.0432207425362876,-0.926765781933311,0.102456214740502,-0.0405458135567761,0.986820849203847,0.191920697406763,0.322036311536941,0.291325647568026,-0.265846065128688,0.123172937774726,-0.353521500925381,0.332322743934679,-0.341435228261588,-0.0546329071808817
"GB_GCA_023393235.1",0.201908360168043,0.44772880641104,0.0656600968716765,0.920689698301112,-0.124256693432192,-0.997757228917923,0.160119047319392,0.0153606419464236,0.832557688229892,0.0567025018825325,0.446276477233456,0.37701707815633,-0.416668440921857,-0.0248499262268173,0.105795527255164,0.632111442021122,-0.0216521853660384,-0.0323878505620501
"RS_GCF_001275385.1",0.816692102420372,0.17427546050887,-0.0928299048717877,0.149676558406257,0.0685458733161109,-1.03040366226458,-0.957628799707622,-0.581997032988882,0.162798842336177,0.550801058593273,0.279987609125,0.0971796759420954,0.00615841358349549,0.30159111619321,0.235061123956747,0.108830494455606,-0.201414002163118,-0.0533619466279108
"RS_GCF_018618755.1",0.816692102420372,0.17427546050887,-0.0928299048717877,0.149676558406257,0.0685458733161109,-1.03040366226458,-0.957628799707622,-0.581997032988882,0.162798842336177,0.550801058593273,0.279987609125,0.0971796759420954,0.00615841358349549,0.30159111619321,0.235061123956747,0.108830494455606,-0.201414002163118,-0.0533619466279108
"GB_GCA_902793635.1",0.842784876935786,0.236092733697129,-0.0569058368328924,-0.757146452716467,-0.708495946454181,-1.30143043914944,0.255875274547947,0.328668272005838,-0.500610716626036,-0.236686528120907,0.0442629615921952,-0.0460744395739479,0.363039300778357,0.257719232310114,0.0321796114975701,0.249952732553285,-0.101494916421589,-0.0461295120520592
"GB_GCA_902766435.1",0.842784876935786,0.236092733697129,-0.0569058368328924,-0.757146452716467,-0.708495946454181,-1.30143043914944,0.255875274547947,0.328668272005838,-0.500610716626036,-0.236686528120907,0.0442629615921952,-0.0460744395739479,0.363039300778357,0.257719232310114,0.0321796114975701,0.249952732553285,-0.101494916421589,-0.0461295120520592
"RS_GCF_020097135.1",0.368785626511859,0.39780862639333,-0.645914675734259,0.877125230058765,-0.235171037244158,-1.04860250419902,-0.531867256163967,-0.416725668315889,0.42896207026147,0.513320492079463,0.472796795541545,-0.275693462182059,-0.261694082203394,0.101224935887312,0.431640297513412,0.271534375203118,-0.0819062830479325,-0.0289119052271687
"RS_GCF_002901825.1",0.368785626511859,0.39780862639333,-0.645914675734259,0.877125230058765,-0.235171037244158,-1.04860250419902,-0.531867256163967,-0.416725668315889,0.42896207026147,0.513320492079463,0.472796795541545,-0.275693462182059,-0.261694082203394,0.101224935887312,0.431640297513412,0.271534375203118,-0.0819062830479325,-0.0289119052271687
"RS_GCF_900186985.1",0.425591111904618,0.346902124568952,-0.43241535831518,0.7439155935273,0.0904838001288521,-1.00346798180317,0.300677710255697,-0.0401473444737039,0.54788902874449,0.407502659659361,0.287296227263209,0.0377160368151189,-0.285198331904984,0.00350573981459296,0.539013030109764,0.255773650896839,-0.0242264129756804,-0.00719537602381512
"RS_GCF_022815905.1",0.425591111904618,0.346902124568952,-0.43241535831518,0.7439155935273,0.0904838001288521,-1.00346798180317,0.300677710255697,-0.0401473444737039,0.54788902874449,0.407502659659361,0.287296227263209,0.0377160368151189,-0.285198331904984,0.00350573981459296,0.539013030109764,0.255773650896839,-0.0242264129756804,-0.00719537602381512
"RS_GCF_016238465.1",0.425591111904618,0.346902124568952,-0.43241535831518,0.7439155935273,0.0904838001288521,-1.00346798180317,0.300677710255697,-0.0401473444737039,0.54788902874449,0.407502659659361,0.287296227263209,0.0377160368151189,-0.285198331904984,0.00350573981459296,0.539013030109764,0.255773650896839,-0.0242264129756804,-0.00719537602381512
"RS_GCF_003369925.1",0.425591111904618,0.346902124568952,-0.43241535831518,0.7439155935273,0.0904838001288521,-1.00346798180317,0.300677710255697,-0.0401473444737039,0.54788902874449,0.407502659659361,0.287296227263209,0.0377160368151189,-0.285198331904984,0.00350573981459296,0.539013030109764,0.255773650896839,-0.0242264129756804,-0.00719537602381512
"RS_GCF_003946245.1",0.397646838874535,0.219938055444777,-0.0411052425204299,-0.261915606125771,0.817505293977656,-1.22620788943202,-0.394191266332978,-0.252709772971227,0.408442880738806,-0.174602075696716,-0.735202715110985,0.117906457991782,-0.65180173876787,0.278579363027999,0.309234721762045,-0.0324856586558761,-0.219117106612495,-0.0413615208247566
"RS_GCF_900258515.1",0.546097509873124,0.285862578991847,-0.357197311347223,0.474543911780482,-0.0124900775797935,-1.10139510924919,-0.899965967128732,-0.526090577485683,0.00853568136222259,0.415582863069043,0.404227774821515,0.182871106530399,-0.144663962209673,0.153568252191667,0.694378152137292,0.408619192542049,0.118369040732431,-0.0311168900090793
"RS_GCF_902726655.1",0.602902995265883,0.23495607716747,-0.143697993928144,0.341334275249017,0.313164759793216,-1.05626058685333,-0.0674210007090691,-0.149512253643497,0.127462639845243,0.309765030648941,0.218727206543179,0.496280605527576,-0.168168211911263,0.0558490561189486,0.801750884733643,0.392858468235771,0.176048910804683,-0.0094003608057257
"RS_GCF_001659985.1",-0.107065122426738,0.494377723153614,-0.80768933080198,0.598742702058203,0.188133546044377,-1.28954125376232,-0.800974689208986,-0.464016732140419,0.555679150181079,-0.106264809790424,-0.356892960416104,-0.568376179129549,-0.896149984853169,0.175932378794819,0.398441162722359,0.145978946397913,-0.157289257569561,-0.038628008627368
"RS_GCF_000724085.1",0.816692102420372,0.17427546050887,-0.0928299048717877,0.149676558406257,0.0685458733161109,-1.03040366226458,-0.957628799707622,-0.581997032988882,0.162798842336177,0.550801058593273,0.279987609125,0.0971796759420954,0.00615841358349549,0.30159111619321,0.235061123956747,0.108830494455606,-0.201414002163118,-0.0533619466279108
"RS_GCF_000377765.1",0.368785626511859,0.39780862639333,-0.645914675734259,0.877125230058765,-0.235171037244158,-1.04860250419902,-0.531867256163967,-0.416725668315889,0.42896207026147,0.513320492079463,0.472796795541545,-0.275693462182059,-0.261694082203394,0.101224935887312,0.431640297513412,0.271534375203118,-0.0819062830479325,-0.0289119052271687
"RS_GCF_000821245.2",0.816692102420372,0.17427546050887,-0.0928299048717877,0.149676558406257,0.0685458733161109,-1.03040366226458,-0.957628799707622,-0.581997032988882,0.162798842336177,0.550801058593273,0.279987609125,0.0971796759420954,0.00615841358349549,0.30159111619321,0.235061123956747,0.108830494455606,-0.201414002163118,-0.0533619466279108
"RS_GCF_014280935.1",0.368785626511859,0.39780862639333,-0.645914675734259,0.877125230058765,-0.235171037244158,-1.04860250419902,-0.531867256163967,-0.416725668315889,0.42896207026147,0.513320492079463,0.472796795541545,-0.275693462182059,-0.261694082203394,0.101224935887312,0.431640297513412,0.271534375203118,-0.0819062830479325,-0.0289119052271687
"RS_GCF_024189315.1",0.639380219059107,0.286221507910353,-0.381547269258823,0.55225787668454,-0.154135086348253,-0.977611057214412,-0.589530088742856,-0.472632123819089,0.583225231235425,0.648538687603693,0.34855662984503,-0.361384892770362,-0.110871706410225,0.249247799888855,-0.0276767306671324,-0.0282543228833251,-0.401689325943482,-0.0511569618460002
"GB_GCA_017656295.1",0.593009350683798,0.275102142350958,0.405245550315069,0.326450663180069,-0.146194620244933,-1.02469290937933,-1.09818746264393,-0.526489046568755,0.447467501821579,0.200000900816444,0.438967859095247,0.436480717283306,-0.125311695433377,0.2732354501518,-0.198156378897852,0.485168285579889,-0.198839774553476,-0.0785544211661458
"RS_GCF_003668575.1",0.816692102420372,0.17427546050887,-0.0928299048717877,0.149676558406257,0.0685458733161109,-1.03040366226458,-0.957628799707622,-0.581997032988882,0.162798842336177,0.550801058593273,0.279987609125,0.0971796759420954,0.00615841358349549,0.30159111619321,0.235061123956747,0.108830494455606,-0.201414002163118,-0.0533619466279108
"RS_GCF_020171925.1",0.816692102420372,0.17427546050887,-0.0928299048717877,0.149676558406257,0.0685458733161109,-1.03040366226458,-0.957628799707622,-0.581997032988882,0.162798842336177,0.550801058593273,0.279987609125,0.0971796759420954,0.00615841358349549,0.30159111619321,0.235061123956747,0.108830494455606,-0.201414002163118,-0.0533619466279108
"RS_GCF_018390575.1",0.368785626511859,0.39780862639333,-0.645914675734259,0.877125230058765,-0.235171037244158,-1.04860250419902,-0.531867256163967,-0.416725668315889,0.42896207026147,0.513320492079463,0.472796795541545,-0.275693462182059,-0.261694082203394,0.101224935887312,0.431640297513412,0.271534375203118,-0.0819062830479325,-0.0289119052271687
"RS_GCF_900457495.1",-0.0453034294002959,0.492582627172765,-0.559846086574344,0.621975194873145,0.0886396822055646,-1.08696034130972,-0.491634504603216,-0.211920067558169,-0.0796689156479868,0.85722556584833,1.06421587560455,-0.340840299471498,-0.793320226055765,-0.0472438935044016,0.164939064041874,0.188143705294653,-0.275421562262841,-0.0228927831336023
"RS_GCF_943736995.1",0.816692102420372,0.17427546050887,-0.0928299048717877,0.149676558406257,0.0685458733161109,-1.03040366226458,-0.957628799707622,-0.581997032988882,0.162798842336177,0.550801058593273,0.279987609125,0.0971796759420954,0.00615841358349549,0.30159111619321,0.235061123956747,0.108830494455606,-0.201414002163118,-0.0533619466279108
"RS_GCF_023715245.1",-0.107065122426738,0.494377723153614,-0.80768933080198,0.598742702058203,0.188133546044377,-1.28954125376232,-0.800974689208986,-0.464016732140419,0.555679150181079,-0.106264809790424,-0.356892960416104,-0.568376179129549,-0.896149984853169,0.175932378794819,0.398441162722359,0.145978946397913,-0.157289257569561,-0.038628008627368
"RS_GCF_008369195.1",0.816692102420372,0.17427546050887,-0.0928299048717877,0.149676558406257,0.0685458733161109,-1.03040366226458,-0.957628799707622,-0.581997032988882,0.162798842336177,0.550801058593273,0.279987609125,0.0971796759420954,0.00615841358349549,0.30159111619321,0.235061123956747,0.108830494455606,-0.201414002163118,-0.0533619466279108
"RS_GCF_001590685.1",0.368785626511859,0.39780862639333,-0.645914675734259,0.877125230058765,-0.235171037244158,-1.04860250419902,-0.531867256163967,-0.416725668315889,0.42896207026147,0.513320492079463,0.472796795541545,-0.275693462182059,-0.261694082203394,0.101224935887312,0.431640297513412,0.271534375203118,-0.0819062830479325,-0.0289119052271687
"RS_GCF_018613575.1",0.368785626511859,0.39780862639333,-0.645914675734259,0.877125230058765,-0.235171037244158,-1.04860250419902,-0.531867256163967,-0.416725668315889,0.42896207026147,0.513320492079463,0.472796795541545,-0.275693462182059,-0.261694082203394,0.101224935887312,0.431640297513412,0.271534375203118,-0.0819062830479325,-0.0289119052271687
"RS_GCF_000189395.1",0.816692102420372,0.17427546050887,-0.0928299048717877,0.149676558406257,0.0685458733161109,-1.03040366226458,-0.957628799707622,-0.581997032988882,0.162798842336177,0.550801058593273,0.279987609125,0.0971796759420954,0.00615841358349549,0.30159111619321,0.235061123956747,0.108830494455606,-0.201414002163118,-0.0533619466279108
"RS_GCF_003049645.1",0.816692102420372,0.17427546050887,-0.0928299048717877,0.149676558406257,0.0685458733161109,-1.03040366226458,-0.957628799707622,-0.581997032988882,0.162798842336177,0.550801058593273,0.279987609125,0.0971796759420954,0.00615841358349549,0.30159111619321,0.235061123956747,0.108830494455606,-0.201414002163118,-0.0533619466279108
"RS_GCF_900111345.1",0.816692102420372,0.17427546050887,-0.0928299048717877,0.149676558406257,0.0685458733161109,-1.03040366226458,-0.957628799707622,-0.581997032988882,0.162798842336177,0.550801058593273,0.279987609125,0.0971796759420954,0.00615841358349549,0.30159111619321,0.235061123956747,0.108830494455606,-0.201414002163118,-0.0533619466279108
"RS_GCF_014836495.1",0.816692102420372,0.17427546050887,-0.0928299048717877,0.149676558406257,0.0685458733161109,-1.03040366226458,-0.957628799707622,-0.581997032988882,0.162798842336177,0.550801058593273,0.279987609125,0.0971796759420954,0.00615841358349549,0.30159111619321,0.235061123956747,0.108830494455606,-0.201414002163118,-0.0533619466279108
"RS_GCF_007830235.1",-0.297844260102605,0.522493168538943,0.701186656317859,0.276686390632998,0.336201408802452,-0.848611481653872,0.0482898482528933,0.17811475727961,0.6160400537869,0.222004151565048,1.18145066752099,0.0796247719919958,-0.420288567826599,-0.25040151440804,-0.270739913975481,-0.199745261205042,-0.654058738222994,-0.0164263735195818
"RS_GCF_005280205.1",0.472502952715292,0.336141687928064,0.330027503347112,0.595822344926888,-0.0432207425362876,-0.926765781933311,0.102456214740502,-0.0405458135567761,0.986820849203847,0.191920697406763,0.322036311536941,0.291325647568026,-0.265846065128688,0.123172937774726,-0.353521500925381,0.332322743934679,-0.341435228261588,-0.0546329071808817
"RS_GCF_001645685.2",0.639380219059107,0.286221507910353,-0.381547269258823,0.55225787668454,-0.154135086348253,-0.977611057214412,-0.589530088742856,-0.472632123819089,0.583225231235425,0.648538687603693,0.34855662984503,-0.361384892770362,-0.110871706410225,0.249247799888855,-0.0276767306671324,-0.0282543228833251,-0.401689325943482,-0.0511569618460002
"RS_GCF_002243645.1",0.639380219059107,0.286221507910353,-0.381547269258823,0.55225787668454,-0.154135086348253,-0.977611057214412,-0.589530088742856,-0.472632123819089,0.583225231235425,0.648538687603693,0.34855662984503,-0.361384892770362,-0.110871706410225,0.249247799888855,-0.0276767306671324,-0.0282543228833251,-0.401689325943482,-0.0511569618460002
"RS_GCF_021166585.1",0.816692102420372,0.17427546050887,-0.0928299048717877,0.149676558406257,0.0685458733161109,-1.03040366226458,-0.957628799707622,-0.581997032988882,0.162798842336177,0.550801058593273,0.279987609125,0.0971796759420954,0.00615841358349549,0.30159111619321,0.235061123956747,0.108830494455606,-0.201414002163118,-0.0533619466279108
"RS_GCF_008180725.1",0.816692102420372,0.17427546050887,-0.0928299048717877,0.149676558406257,0.0685458733161109,-1.03040366226458,-0.957628799707622,-0.581997032988882,0.162798842336177,0.550801058593273,0.279987609125,0.0971796759420954,0.00615841358349549,0.30159111619321,0.235061123956747,0.108830494455606,-0.201414002163118,-0.0533619466279108
"RS_GCF_002019605.1",0.639380219059107,0.286221507910353,-0.381547269258823,0.55225787668454,-0.154135086348253,-0.977611057214412,-0.589530088742856,-0.472632123819089,0.583225231235425,0.648538687603693,0.34855662984503,-0.361384892770362,-0.110871706410225,0.249247799888855,-0.0276767306671324,-0.0282543228833251,-0.401689325943482,-0.0511569618460002
"RS_GCF_000177235.2",0.696185704451867,0.235315006085975,-0.168047951839745,0.419048240153075,0.171519751024757,-0.932476534818558,0.243014877676807,-0.0960537999769037,0.702152189718445,0.542720855183591,0.163056061566694,-0.0479753937731843,-0.134375956111815,0.151528603816136,0.0796960019292188,-0.0440150471896033,-0.34400945587123,-0.0294404326426467
"RS_GCF_005144865.1",0.816692102420372,0.17427546050887,-0.0928299048717877,0.149676558406257,0.0685458733161109,-1.03040366226458,-0.957628799707622,-0.581997032988882,0.162798842336177,0.550801058593273,0.279987609125,0.0971796759420954,0.00615841358349549,0.30159111619321,0.235061123956747,0.108830494455606,-0.201414002163118,-0.0533619466279108
"RS_GCF_003013475.1",0.696185704451867,0.235315006085975,-0.168047951839745,0.419048240153075,0.171519751024757,-0.932476534818558,0.243014877676807,-0.0960537999769037,0.702152189718445,0.542720855183591,0.163056061566694,-0.0479753937731843,-0.134375956111815,0.151528603816136,0.0796960019292188,-0.0440150471896033,-0.34400945587123,-0.0294404326426467
"GB_GCA_023511625.1",0.602902995265883,0.23495607716747,-0.143697993928144,0.341334275249017,0.313164759793216,-1.05626058685333,-0.0674210007090691,-0.149512253643497,0.127462639845243,0.309765030648941,0.218727206543179,0.496280605527576,-0.168168211911263,0.0558490561189486,0.801750884733643,0.392858468235771,0.176048910804683,-0.0094003608057257
"GB_GCA_023623185.1",-0.336637342696423,0.558845092373715,0.595285034059265,-1.51244917766994,-1.07508702522683,-0.875577815344653,-0.223882467706287,1.02622930781,-0.0403999243860205,-0.10950849532116,0.94953321237323,0.448711719044798,-0.221855030257613,-0.312147241908111,-0.0362799914596185,0.00290241508402943,-0.361000370987874,0.00183001343270759
"GB_GCA_902168245.1",-0.135923201392472,0.423461582677704,-0.0447320430966349,0.0766797930442431,0.650435766202309,-1.05690314699172,-0.120491673416572,-0.129489893722767,0.966719460130564,-0.390686066296878,-0.39863841846991,-0.487212149007266,-0.39164821760713,0.00113042393258995,0.395979687559604,-0.618247811226064,-0.538500661139357,-0.00696912447511255
"GB_GCA_020050835.1",0.51723943090739,0.214946438515937,0.405759976358122,-0.047518997233478,0.449812142578138,-0.868757002478582,-0.219482951336318,-0.191563739068031,0.419575991311708,0.131161606562589,0.36248231676771,0.264035136652681,0.359837805036366,-0.0212337026705615,0.691916676974537,-0.355607565081929,-0.262842362837364,0.000541994143176213
"GB_GCA_016712465.1",-0.320520907351324,-1.01715839393092,-0.176071486630711,0.789514413294546,0.0450740602111878,-0.648891216147147,0.201394960007052,-0.0569199326425852,0.699924598691376,-0.0469287342403227,0.735622306622299,-0.193265353387692,-0.0793125294373609,-0.186612564433965,0.112613308570236,-1.20092691755371,1.81613675883984,0.193988505970407
"RS_GCF_023983615.1",0.397646838874535,0.219938055444777,-0.0411052425204299,-0.261915606125771,0.817505293977656,-1.22620788943202,-0.394191266332978,-0.252709772971227,0.408442880738806,-0.174602075696716,-0.735202715110985,0.117906457991782,-0.65180173876787,0.278579363027999,0.309234721762045,-0.0324856586558761,-0.219117106612495,-0.0413615208247566
"RS_GCF_024220515.1",-0.135923201392472,0.423461582677704,-0.0447320430966349,0.0766797930442431,0.650435766202309,-1.05690314699172,-0.120491673416572,-0.129489893722767,0.966719460130564,-0.390686066296878,-0.39863841846991,-0.487212149007266,-0.39164821760713,0.00113042393258995,0.395979687559604,-0.618247811226064,-0.538500661139357,-0.00696912447511255
"RS_GCF_001767235.1",0.696185704451867,0.235315006085975,-0.168047951839745,0.419048240153075,0.171519751024757,-0.932476534818558,0.243014877676807,-0.0960537999769037,0.702152189718445,0.542720855183591,0.163056061566694,-0.0479753937731843,-0.134375956111815,0.151528603816136,0.0796960019292188,-0.0440150471896033,-0.34400945587123,-0.0294404326426467
"GB_GCA_019358875.1",0.696185704451867,0.235315006085975,-0.168047951839745,0.419048240153075,0.171519751024757,-0.932476534818558,0.243014877676807,-0.0960537999769037,0.702152189718445,0.542720855183591,0.163056061566694,-0.0479753937731843,-0.134375956111815,0.151528603816136,0.0796960019292188,-0.0440150471896033,-0.34400945587123,-0.0294404326426467
"RS_GCF_000317675.1",0.51723943090739,0.214946438515937,0.405759976358122,-0.047518997233478,0.449812142578138,-0.868757002478582,-0.219482951336318,-0.191563739068031,0.419575991311708,0.131161606562589,0.36248231676771,0.264035136652681,0.359837805036366,-0.0212337026705615,0.691916676974537,-0.355607565081929,-0.262842362837364,0.000541994143176213
"RS_GCF_014695915.1",0.696185704451867,0.235315006085975,-0.168047951839745,0.419048240153075,0.171519751024757,-0.932476534818558,0.243014877676807,-0.0960537999769037,0.702152189718445,0.542720855183591,0.163056061566694,-0.0479753937731843,-0.134375956111815,0.151528603816136,0.0796960019292188,-0.0440150471896033,-0.34400945587123,-0.0294404326426467
"RS_GCF_000317555.1",0.51723943090739,0.214946438515937,0.405759976358122,-0.047518997233478,0.449812142578138,-0.868757002478582,-0.219482951336318,-0.191563739068031,0.419575991311708,0.131161606562589,0.36248231676771,0.264035136652681,0.359837805036366,-0.0212337026705615,0.691916676974537,-0.355607565081929,-0.262842362837364,0.000541994143176213
"GB_GCA_017114985.1",0.696185704451867,0.235315006085975,-0.168047951839745,0.419048240153075,0.171519751024757,-0.932476534818558,0.243014877676807,-0.0960537999769037,0.702152189718445,0.542720855183591,0.163056061566694,-0.0479753937731843,-0.134375956111815,0.151528603816136,0.0796960019292188,-0.0440150471896033,-0.34400945587123,-0.0294404326426467
"RS_GCF_019976755.1",0.22033495551327,0.33188410284626,-0.329822606907466,0.140665712152513,0.594824334313292,-1.17341528438186,-0.0260925553682124,-0.143344863801434,0.828869269638054,-0.076864446686296,-0.666633694390955,-0.340658110720675,-0.76883185876159,0.226236046723643,0.0464968671381657,-0.169570475994808,-0.419392430392859,-0.039156536042846
"GB_GCA_022241785.1",0.696185704451867,0.235315006085975,-0.168047951839745,0.419048240153075,0.171519751024757,-0.932476534818558,0.243014877676807,-0.0960537999769037,0.702152189718445,0.542720855183591,0.163056061566694,-0.0479753937731843,-0.134375956111815,0.151528603816136,0.0796960019292188,-0.0440150471896033,-0.34400945587123,-0.0294404326426467
"RS_GCF_000332295.1",0.696185704451867,0.235315006085975,-0.168047951839745,0.419048240153075,0.171519751024757,-0.932476534818558,0.243014877676807,-0.0960537999769037,0.702152189718445,0.542720855183591,0.163056061566694,-0.0479753937731843,-0.134375956111815,0.151528603816136,0.0796960019292188,-0.0440150471896033,-0.34400945587123,-0.0294404326426467
"GB_GCA_013298165.1",0.696185704451867,0.235315006085975,-0.168047951839745,0.419048240153075,0.171519751024757,-0.932476534818558,0.243014877676807,-0.0960537999769037,0.702152189718445,0.542720855183591,0.163056061566694,-0.0479753937731843,-0.134375956111815,0.151528603816136,0.0796960019292188,-0.0440150471896033,-0.34400945587123,-0.0294404326426467
"RS_GCF_000014585.1",0.696185704451867,0.235315006085975,-0.168047951839745,0.419048240153075,0.171519751024757,-0.932476534818558,0.243014877676807,-0.0960537999769037,0.702152189718445,0.542720855183591,0.163056061566694,-0.0479753937731843,-0.134375956111815,0.151528603816136,0.0796960019292188,-0.0440150471896033,-0.34400945587123,-0.0294404326426467
"RS_GCF_900474185.1",0.696185704451867,0.235315006085975,-0.168047951839745,0.419048240153075,0.171519751024757,-0.932476534818558,0.243014877676807,-0.0960537999769037,0.702152189718445,0.542720855183591,0.163056061566694,-0.0479753937731843,-0.134375956111815,0.151528603816136,0.0796960019292188,-0.0440150471896033,-0.34400945587123,-0.0294404326426467
"RS_GCF_000179235.2",0.696185704451867,0.235315006085975,-0.168047951839745,0.419048240153075,0.171519751024757,-0.932476534818558,0.243014877676807,-0.0960537999769037,0.702152189718445,0.542720855183591,0.163056061566694,-0.0479753937731843,-0.134375956111815,0.151528603816136,0.0796960019292188,-0.0440150471896033,-0.34400945587123,-0.0294404326426467
"RS_GCF_014224355.1",0.696185704451867,0.235315006085975,-0.168047951839745,0.419048240153075,0.171519751024757,-0.932476534818558,0.243014877676807,-0.0960537999769037,0.702152189718445,0.542720855183591,0.163056061566694,-0.0479753937731843,-0.134375956111815,0.151528603816136,0.0796960019292188,-0.0440150471896033,-0.34400945587123,-0.0294404326426467
"GB_GCA_016182905.1",0.293556679170815,0.315773120358025,0.903835431544979,0.129255107540334,0.235071649017094,-0.863046249593336,-0.360041614272623,-0.136055752647904,0.70424465079711,-0.21963855121424,0.521462566737957,0.603336177993892,0.228367696019492,-0.0495893687119717,0.258699174119937,0.0207302260423537,-0.260268135227722,-0.0246504803950587
